Type,Name,ID,Parent Garrison ID,Area,Website URL,Logo URL,Logo URL (Small),Officer Count
Garrison,70th Explorers Garrison,57,,Missouri and Kansas (United States),www.70thexplorers.com,https://www.501st.com/images/logos/125px/70th-Explorers.png,https://www.501st.com/images/logos/62px/70th-Explorers.png,23
Squad,- Firehawk Squad ,183,57,Kansas City Metro Area,70thexplorers.com/fhs/,https://www.501st.com/images/logos/125px/Firehawk-Squad.png,https://www.501st.com/images/logos/62px/Firehawk-Squad.png,0
Squad,- Gateway Squad,142,57,St. Louis and Eastern Missouri,70thexplorers.com/gws,https://www.501st.com/images/logos/125px/Gateway-Squad.png,https://www.501st.com/images/logos/62px/Gateway-Squad.png,0
Squad,- Great Plains Squad,269,57,"Counties in the State of Kansas: Ellis, Russell, L",,https://www.501st.com/images/logos/125px/Great-Plains-Squad.png,https://www.501st.com/images/logos/62px/Great-Plains-Squad.png,0
Garrison,Alabama Garrison,69,,Alabama (United States),al501st.net,https://www.501st.com/images/logos/125px/Alabama-Garrison.png,https://www.501st.com/images/logos/62px/Alabama-Garrison.png,13
Squad,- Delta Squad,256,69,Mobile and Baldwin counties,http://al501st.net/,https://www.501st.com/images/logos/125px/Delta-Squad.png,https://www.501st.com/images/logos/62px/Delta-Squad.png,0
Garrison,Alaskan Garrison,61,,Alaska (United States),www.ak501st.com,https://www.501st.com/images/logos/125px/Alaskan-Garrison.png,https://www.501st.com/images/logos/62px/Alaskan-Garrison.png,9
Garrison,Alpine Garrison,2,,"Utah, (United States)",UT501st.com,https://www.501st.com/images/logos/125px/Alpine-Garrison.png,https://www.501st.com/images/logos/62px/Alpine-Garrison.png,18
Outpost,Arctic Outpost,125,,Nunavut,www.arcticoutpost.ca/,https://www.501st.com/images/logos/125px/Arctic-Outpost.png,https://www.501st.com/images/logos/62px/Arctic-Outpost.png,1
Garrison,Austrian Garrison,62,,Austria,501st-austria.com,https://www.501st.com/images/logos/125px/Austrian-Garrison.png,https://www.501st.com/images/logos/62px/Austrian-Garrison.png,15
Squad,- Upper Austria Squad,288,62,Upper Austria,www.501st-austria.com/index.php/m-squads,https://www.501st.com/images/logos/125px/Upper-Austria-Squad.png,https://www.501st.com/images/logos/62px/Upper-Austria-Squad.png,0
Outpost,Baltic Outpost,145,,"Latvia, Estonia, and Lithuania",www.facebook.com/groups/8199937448322,https://www.501st.com/images/logos/125px/Baltic-Outpost.png,https://www.501st.com/images/logos/62px/Baltic-Outpost.png,1
Garrison,Bast Alpha Garrison,78,,Louisiana (United States),la501st.com,https://www.501st.com/images/logos/125px/Bast-Alpha-Garrison.png,https://www.501st.com/images/logos/62px/Bast-Alpha-Garrison.png,13
Outpost,Battle Born Outpost,163,,"US State of Nevada County lines. Washo, Story, Churchhill, Lyon, Carson City, and Douglas ",,https://www.501st.com/images/logos/125px/Battle-Born-Outpost.png,https://www.501st.com/images/logos/62px/Battle-Born-Outpost.png,3
Garrison,Belgium: Belgian Garrison,29,,North Belgium,www.501st.be,https://www.501st.com/images/logos/125px/Belgian-Garrison.png,https://www.501st.com/images/logos/62px/Belgian-Garrison.png,18
Squad,- Flanders Dragon Squad,121,29,Dutch speaking areas of Belgium,www.501st.be,https://www.501st.com/images/logos/125px/Flanders-Dragon-Squad.png,https://www.501st.com/images/logos/62px/Flanders-Dragon-Squad.png,0
Squad,- Tornacum Squad,147,29,Tournai/Doornik/Paticially West Flanders,,https://www.501st.com/images/logos/125px/Tornacum-Squad.png,https://www.501st.com/images/logos/62px/Tornacum-Squad.png,0
Garrison,Belgium: FanWars Garrison,60,,South Belgium,www.fanwars.be,https://www.501st.com/images/logos/125px/Fanswars-Garrison.png,https://www.501st.com/images/logos/62px/Fanswars-Garrison.png,12
Garrison,Bloodfin Garrison,48,,Southern Indiana (United States),www.bloodfingarrison.com,https://www.501st.com/images/logos/125px/Bloodfin-Garrison.png,https://www.501st.com/images/logos/62px/Bloodfin-Garrison.png,21
Squad,- Dathomir Squad,280,48,"Southwest portion of Indiana - Dubois, Gibson, Pik",www.bloodfingarrison.com,https://www.501st.com/images/logos/125px/Dathomir-Squad.png,https://www.501st.com/images/logos/62px/Dathomir-Squad.png,0
Garrison,Bluegrass Garrison,140,,Kentucky (United States),www.bluegrassgarrison.com/,https://www.501st.com/images/logos/125px/Bluegrass-Garrison.png,https://www.501st.com/images/logos/62px/Bluegrass-Garrison.png,9
Squad,- Blue Sun Squad,193,140,Central & Northern Kentucky (Lexington),,https://www.501st.com/images/logos/125px/Blue-Sun-Squad.png,https://www.501st.com/images/logos/62px/Blue-Sun-Squad.png,0
Squad,- Derby City Squad,228,140,"Louisville, KY",,https://www.501st.com/images/logos/125px/Derby-City-Squad.png,https://www.501st.com/images/logos/62px/Derby-City-Squad.png,0
Outpost,Bolivian Outpost,72,,Bolivia,www.501stbolivia.com,https://www.501st.com/images/logos/125px/Bolivian-Outpost.png,https://www.501st.com/images/logos/62px/Bolivian-Outpost.png,7
Garrison,Bravo Garrison,156,,"Tamaulipas, Nuevo Leon y Coahuila (Mexico)",bravogarrison.com/,https://www.501st.com/images/logos/125px/Bravo-Garrison.png,https://www.501st.com/images/logos/62px/Bravo-Garrison.png,17
Garrison,Brazil: Brazilian Division Garrison,4,,South Region and the State of São Paulo,www.legiao501.com.br/,https://www.501st.com/images/logos/125px/Brazilian-Division.png,https://www.501st.com/images/logos/62px/Brazilian-Division.png,7
Squad,- Death Valley Squad,258,4,Paraiba Valley and North Coast of State of Sao Pau,,https://www.501st.com/images/logos/125px/Death-Valley-Squad.png,https://www.501st.com/images/logos/62px/Death-Valley-Squad.png,0
Squad,- Kuat Drive Yards Squad,191,4,Coastline and Region of ABC of State São Paulo,,https://www.501st.com/images/logos/125px/Kuat-Drive-Yards-Squad.png,https://www.501st.com/images/logos/62px/Kuat-Drive-Yards-Squad.png,0
Garrison,Brazil: Death Star Garrison,146,,"Campinas, Jundiaí, Bauru, São josé do rio preto, Araçatuba, Central, Sorocaba, Presidente prude",www.deathstar501st.com.br,https://www.501st.com/images/logos/125px/Death-Star-Garrison.png,https://www.501st.com/images/logos/62px/Death-Star-Garrison.png,20
Garrison,Brazil: Imperial Coastline Garrison,153,,States of the Rio de Janeiro and Espirito Santo,www.icg501st.com.br,https://www.501st.com/images/logos/125px/Imperial-Coastline-Garrison.png,https://www.501st.com/images/logos/62px/Imperial-Coastline-Garrison.png,15
Garrison,Brazil: Novo Império Garrison,104,,"North, East, West, and Central Brazil",www.garrisonnovoimperiobrasil.com.br,https://www.501st.com/images/logos/125px/Novo-Imperio.png,https://www.501st.com/images/logos/62px/Novo-Imperio.png,7
Squad,- Centro-Norte Squad,252,104,North and Midwest Regions of Brazil,,https://www.501st.com/images/logos/125px/Centro-Norte-Squad.png,https://www.501st.com/images/logos/62px/Centro-Norte-Squad.png,0
Squad,- Squad Nordeste,276,104,Northeast Region of Brazil,novoimperio501st.com.br,https://www.501st.com/images/logos/125px/Squad-Nordeste.png,https://www.501st.com/images/logos/62px/Squad-Nordeste.png,0
Outpost,Brunei Outpost,101,,Brunei Darussalam ,501stbrunei.wordpress.com/ ,https://www.501st.com/images/logos/125px/Brunei-Outpost.png,https://www.501st.com/images/logos/62px/Brunei-Outpost.png,3
Garrison,California: Central California Garrison,26,,Central California (United States),centralcaliforniagarrison.com/,https://www.501st.com/images/logos/125px/Central-Cali-Garrison.png,https://www.501st.com/images/logos/62px/Central-Cali-Garrison.png,21
Squad,- Imperial Graffiti Squad,304,26,"San Joaquin, Stanislaus, Merced counties",www.centralcaliforniagarrison.com/,https://www.501st.com/images/logos/125px/Imperial-Graffiti-Squad.png,https://www.501st.com/images/logos/62px/Imperial-Graffiti-Squad.png,0
Squad,- Northern Mustafar Squad,293,26,"Sutter, Yuba, Butte, Tehama, Shasta, and Siskiyou ",,https://www.501st.com/images/logos/125px/Northern-Mustafar-Squad.png,https://www.501st.com/images/logos/62px/Northern-Mustafar-Squad.png,0
Squad,- South Valley Squad,205,26,Madera Fresno Kings and Tulare Counties,,https://www.501st.com/images/logos/125px/South-Valley-Squad.png,https://www.501st.com/images/logos/62px/South-Valley-Squad.png,0
Garrison,California: Golden Gate Garrison,18,,Northern California (United States),501stGGG.com,https://www.501st.com/images/logos/125px/Golden-Gate-Garrison.png,https://www.501st.com/images/logos/62px/Golden-Gate-Garrison.png,30
Squad,- East Bay Squad,239,18,San Francisco Bay Area | East Bay,501stGGG.com,https://www.501st.com/images/logos/125px/East-Bay-Squad.png,https://www.501st.com/images/logos/62px/East-Bay-Squad.png,0
Squad,- North Bay Squad,241,18,San Francisco Bay Area | North Bay,501stGGG.com,https://www.501st.com/images/logos/125px/North-Bay-Squad.png,https://www.501st.com/images/logos/62px/North-Bay-Squad.png,0
Squad,- Peninsula Squad,242,18,San Francisco Bay Area | Peninsula,501stGGG.com,https://www.501st.com/images/logos/125px/Peninsula-Squad.png,https://www.501st.com/images/logos/62px/Peninsula-Squad.png,0
Squad,- South Bay Squad,240,18,San Francisco Bay Area | South Bay,501stGGG.com,https://www.501st.com/images/logos/125px/South-Bay-Squad.png,https://www.501st.com/images/logos/62px/South-Bay-Squad.png,0
Garrison,California: Imperial Sands Garrison,111,,San Diego and Imperial Counties,www.imperialsandsgarrison.com/ ,https://www.501st.com/images/logos/125px/Imperial-Sands-Garrison.png,https://www.501st.com/images/logos/62px/Imperial-Sands-Garrison.png,15
Garrison,California: Southern California Garrison,19,,Southern California (United States),southerncaliforniagarrison.com/,https://www.501st.com/images/logos/125px/Southern-California-Garrison.png,https://www.501st.com/images/logos/62px/Southern-California-Garrison.png,12
Squad,- Channel Islands Squad,201,19,"San Luis Obispo, Santa Barbara, Ventura Counties",southerncaliforniagarrison.com/,https://www.501st.com/images/logos/125px/Channel-Islands-Squad.png,https://www.501st.com/images/logos/62px/Channel-Islands-Squad.png,0
Squad,- Inland Empire Squad,153,19,San Bernardino & Riverside County,southerncaliforniagarrison.com/,https://www.501st.com/images/logos/125px/Inland-Empire-Squad.png,https://www.501st.com/images/logos/62px/Inland-Empire-Squad.png,0
Squad,- Los Angeles Squad,202,19,Los Angeles,southerncaliforniagarrison.com/,https://www.501st.com/images/logos/125px/Los-Angeles-Squad.png,https://www.501st.com/images/logos/62px/Los-Angeles-Squad.png,0
Squad,- Orange County Squad,203,19,Orange County,southerncaliforniagarrison.com/,https://www.501st.com/images/logos/125px/Orange-County-Squad.png,https://www.501st.com/images/logos/62px/Orange-County-Squad.png,0
Squad,- San Joaquin Squad,185,19,Bakersfield( Kern County),southerncaliforniagarrison.com/,https://www.501st.com/images/logos/125px/San-Joaquin-Squad.png,https://www.501st.com/images/logos/62px/San-Joaquin-Squad.png,0
Garrison,Canada: Atlantic Garrison,143,,"Nova Scotia, New Brunswick, Prince Edward Island, Newfoundland",www.atlanticgarrison.com/,https://www.501st.com/images/logos/125px/Atlantic-Garrison.png,https://www.501st.com/images/logos/62px/Atlantic-Garrison.png,6
Garrison,Canada: Badlands Garrison,56,,"Alberta, Saskatchewan, Manitoba, Yukon and Northwest Territories",www.badlands.ca,https://www.501st.com/images/logos/125px/Badlands-Garrison.png,https://www.501st.com/images/logos/62px/Badlands-Garrison.png,25
Squad,- Crimson Aurora Squad,274,56,"High Prairie, High Level, BC border, Grande Cache,",,https://www.501st.com/images/logos/125px/Crimson-Aurora-Squad.png,https://www.501st.com/images/logos/62px/Crimson-Aurora-Squad.png,0
Squad,- Renegade Squad,247,56,"Manitoba, Canada",,https://www.501st.com/images/logos/125px/Renegade-Squad.png,https://www.501st.com/images/logos/62px/Renegade-Squad.png,0
Garrison,Canada: Canadian Garrison,5,,"Canada, Ontario (except the portion under Capital City Garrison)",www.501st.ca,https://www.501st.com/images/logos/125px/Canadian-Garrison.png,https://www.501st.com/images/logos/62px/Canadian-Garrison.png,18
Squad,- Vindicator Squad,262,5,Southwestern Ontario,,https://www.501st.com/images/logos/125px/Vindicator-Squad.png,https://www.501st.com/images/logos/62px/Vindicator-Squad.png,0
Garrison,Canada: Capital City Garrison,85,,Eastern Ontario(Trenton to Petawawa to Quebec border),www.capitalcity501st.ca,https://www.501st.com/images/logos/125px/Capital-City-Garrison.png,https://www.501st.com/images/logos/62px/Capital-City-Garrison.png,13
Garrison,Canada: Forteresse Imperiale Garrison,126,,"Province of Quebec, Canada",501stqc.ca,https://www.501st.com/images/logos/125px/Forteresse-Imperiale.png,https://www.501st.com/images/logos/62px/Forteresse-Imperiale.png,20
Garrison,Canada: Outer Rim Garrison,107,,Canada: British Columbia,www.outerrimgarrison.com,https://www.501st.com/images/logos/125px/Outer-Rim-Garrison.png,https://www.501st.com/images/logos/62px/Outer-Rim-Garrison.png,26
Squad,- Ravinak Squad,303,107,Northern and Okanagan interiors of British Columbi,,https://www.501st.com/images/logos/125px/Ravinak-Squad.png,https://www.501st.com/images/logos/62px/Ravinak-Squad.png,0
Garrison,Carolina Garrison,39,,North and South Carolina (United States),carolinagarrison.org,https://www.501st.com/images/logos/125px/Carolina-Garrison.png,https://www.501st.com/images/logos/62px/Carolina-Garrison.png,28
Squad,- Crimson Sky,315,39,Eastern Coastal Carolinas,www.facebook.com/groups/1741675 ... ?ref=share,https://www.501st.com/images/logos/125px/Crimson-Sky-Squad.png,https://www.501st.com/images/logos/62px/Crimson-Sky-Squad.png,0
Squad,- Palmetto Guardian Squad,318,39,"Lancaster, Fairfield, Richland, Lexington, and Aik",carolinagarrison.org/,https://www.501st.com/images/logos/125px/Palmetto-Guardian-Squad.png,https://www.501st.com/images/logos/62px/Palmetto-Guardian-Squad.png,0
Squad,- Western Overwatch,316,39,Western Carolinas,www.facebook.com/groups/6316304 ... ?ref=share,https://www.501st.com/images/logos/125px/Western-Overwatch-Squad.png,https://www.501st.com/images/logos/62px/Western-Overwatch-Squad.png,0
Garrison,Causeway Garrison,148,,Northern Ireland,www.501stni.com,https://www.501st.com/images/logos/125px/Causeway-Garrison.png,https://www.501st.com/images/logos/62px/Causeway-Garrison.png,13
Garrison,Cebu Scarif Garrison,149,,Central and Southern Philippines,cebuscarifgarrison.com,https://www.501st.com/images/logos/125px/Cebu-Scarif-Garrison.png,https://www.501st.com/images/logos/62px/Cebu-Scarif-Garrison.png,11
Garrison,Central Garrison,6,,North Dakota; South Dakota; Nebraska; (United States),www.centralgarrison.com/,https://www.501st.com/images/logos/125px/Central-Garrison.png,https://www.501st.com/images/logos/62px/Central-Garrison.png,10
Squad,- 621st Detention Squad,221,6,South Dakota,,https://www.501st.com/images/logos/125px/621st-Detention-Squad.png,https://www.501st.com/images/logos/62px/621st-Detention-Squad.png,0
Squad,- Imperial 80th Squad,131,6,Nebraska (United States),www.centralgarrison.com,https://www.501st.com/images/logos/125px/Imperial-80th-Squad.png,https://www.501st.com/images/logos/62px/Imperial-80th-Squad.png,0
Squad,- Wampa Hunter Squad,215,6,North Dakota,,https://www.501st.com/images/logos/125px/Wampa-Hunter-Squad.png,https://www.501st.com/images/logos/62px/Wampa-Hunter-Squad.png,0
Outpost,Chilean Outpost,35,,Chile,www.501st.cl,https://www.501st.com/images/logos/125px/Chilean-Outpost.png,https://www.501st.com/images/logos/62px/Chilean-Outpost.png,10
Garrison,Chinese Garrison,97,,China,www.cn501st.com/bbs,https://www.501st.com/images/logos/125px/Chinese-Garrison.png,https://www.501st.com/images/logos/62px/Chinese-Garrison.png,15
Garrison,Cloud City Garrison,65,,"Oregon; Vancouver, WA (USA)",cloudcitygarrison.com,https://www.501st.com/images/logos/125px/Cloud-City-Garrison.png,https://www.501st.com/images/logos/62px/Cloud-City-Garrison.png,22
Garrison,Colombia Garrison,119,,"Colombia, South America",501st.com.co,https://www.501st.com/images/logos/125px/Colombia-Garrison.png,https://www.501st.com/images/logos/62px/Colombia-Garrison.png,11
Squad,- Mudhorn Squad,305,119,"Santander, Meta, Boyacá and Cundinamarca ",501st.com.co/mudhorn-squad/,https://www.501st.com/images/logos/125px/Mudhorn-Squad.png,https://www.501st.com/images/logos/62px/Mudhorn-Squad.png,0
Garrison,Connecticut Garrison,58,,Connecticut (United States),www.ctg501.com,https://www.501st.com/images/logos/125px/Connecticut-Garrison.png,https://www.501st.com/images/logos/62px/Connecticut-Garrison.png,12
Outpost,Copperhead Outpost,139,,"North West, North East and South West Tasmania",www.501stcopperheadoutpost.com/,https://www.501st.com/images/logos/125px/Copperhead-Outpost.png,https://www.501st.com/images/logos/62px/Copperhead-Outpost.png,7
Garrison,Costa Rica Garrison,68,,Costa Rica,www.501stcr.com,https://www.501st.com/images/logos/125px/Costa-Rica-Garrison.png,https://www.501st.com/images/logos/62px/Costa-Rica-Garrison.png,14
Garrison,Crimson Garrison,162,,"Veracruz, Puebla and Tlaxcala",crimsongarrison.com.mx/,https://www.501st.com/images/logos/125px/Crimson-Garrison.png,https://www.501st.com/images/logos/62px/Crimson-Garrison.png,11
Outpost,Croatian Outpost,45,,Croatia,www.facebook.com/501stCroatia,https://www.501st.com/images/logos/125px/Croatian-Outpost.png,https://www.501st.com/images/logos/62px/Croatian-Outpost.png,1
Outpost,Cyprus Outpost,134,,Republic of Cyprus,www.501cyprus.com/,https://www.501st.com/images/logos/125px/Cyprus-Outpost.png,https://www.501st.com/images/logos/62px/Cyprus-Outpost.png,1
Garrison,Czech Garrison,77,,Czech Republic,www.501st.cz,https://www.501st.com/images/logos/125px/Czech-Garrison.png,https://www.501st.com/images/logos/62px/Czech-Garrison.png,7
Garrison,Danish Garrison,124,,Denmark,www.danishgarrison.dk,https://www.501st.com/images/logos/125px/Danish-Garrison.png,https://www.501st.com/images/logos/62px/Danish-Garrison.png,15
Garrison,Desert Scorpion Garrison,129,,Western Australia,501stdsg.com/,https://www.501st.com/images/logos/125px/Desert-Scorpion-Garrison.png,https://www.501st.com/images/logos/62px/Desert-Scorpion-Garrison.png,11
Garrison,Dewback Ridge Garrison,86,,State of New Mexico,dewbackridge.org,https://www.501st.com/images/logos/125px/Dewback-Ridge-Garrison.png,https://www.501st.com/images/logos/62px/Dewback-Ridge-Garrison.png,17
Garrison,Diamond Garrison,114,,Arkansas,www.ar501st.com,https://www.501st.com/images/logos/125px/Diamond-Garrison.png,https://www.501st.com/images/logos/62px/Diamond-Garrison.png,18
Squad,- Womp Rat Pack Squad,301,114,Northwest Arkansas,,https://www.501st.com/images/logos/125px/Womp-Rat-Pack-Squad.png,https://www.501st.com/images/logos/62px/Womp-Rat-Pack-Squad.png,0
Garrison,Dune Sea Garrison,7,,Arizona (United States),www.duneseagarrison.com,https://www.501st.com/images/logos/125px/Dune-Sea-Garrison.png,https://www.501st.com/images/logos/62px/Dune-Sea-Garrison.png,22
Squad,"- Beggar�""s Canyon Squad",324,7,"Mohave County, Coconino County, Yavapai County, an",duneseagarrison.com/beggars-canyon-squad/,https://www.501st.com/images/logos/125px/Beggars-Canyon-Squad.png,https://www.501st.com/images/logos/62px/Beggars-Canyon-Squad.png,0
Squad,- Jundland Wastes Squad,141,7,Southern Arizona,www.duneseagarrison.com,https://www.501st.com/images/logos/125px/Jundland-Wastes-Squad.png,https://www.501st.com/images/logos/62px/Jundland-Wastes-Squad.png,0
Garrison,Dutch Garrison,31,,Netherlands,501st.nl,https://www.501st.com/images/logos/125px/Dutch-Garrison.png,https://www.501st.com/images/logos/62px/Dutch-Garrison.png,21
Garrison,Ecuador Garrison,88,,Ecuador ,www.501st.ec,https://www.501st.com/images/logos/125px/Ecuador-Garrison.png,https://www.501st.com/images/logos/62px/Ecuador-Garrison.png,18
Squad,- 2112 Squad,292,88,"Carchi,Imbabura,Santo Domingo,Pichincha,Cotopaxi,T",www.501st.ec/2112squad.html,https://www.501st.com/images/logos/125px/2112-Squad.png,https://www.501st.com/images/logos/62px/2112-Squad.png,0
Squad,- Guayaquil Imperial Squad,290,88,"Esmeraldas, Manabí, Los Ríos, Santa Elena, Guaya",501st.ec/gyesquad.html,https://www.501st.com/images/logos/125px/Guayaquil-Imperial-Squad.png,https://www.501st.com/images/logos/62px/Guayaquil-Imperial-Squad.png,0
Outpost,El Salvador Outpost,158,,El Salvador,,https://www.501st.com/images/logos/125px/El-Salvador-Outpost.png,https://www.501st.com/images/logos/62px/El-Salvador-Outpost.png,1
Garrison,Finnish Garrison,155,,Finland,501st.fi,https://www.501st.com/images/logos/125px/Finnish-Garrison.png,https://www.501st.com/images/logos/62px/Finnish-Garrison.png,9
Garrison,First State Garrison,135,,State of Delaware USA,firststategarrison.com,https://www.501st.com/images/logos/125px/First-State-Garrison.png,https://www.501st.com/images/logos/62px/First-State-Garrison.png,8
Garrison,Florida Garrison,9,,Florida (United States),www.fl501st.com,https://www.501st.com/images/logos/125px/Florida-Garrison.png,https://www.501st.com/images/logos/62px/Florida-Garrison.png,19
Squad,- Everglades Squad,113,9,Southern Florida,www.fl501st.com,https://www.501st.com/images/logos/125px/Everglades-Squad.png,https://www.501st.com/images/logos/62px/Everglades-Squad.png,0
Squad,- Makaze Squad,124,9,East Central Florida,www.fl501st.com,https://www.501st.com/images/logos/125px/Makaze-Squad.png,https://www.501st.com/images/logos/62px/Makaze-Squad.png,0
Squad,- Parjai Squad,126,9,Northwest Florida,www.fl501st.com,https://www.501st.com/images/logos/125px/Parjai-Squad.png,https://www.501st.com/images/logos/62px/Parjai-Squad.png,0
Squad,- Squad 7,136,9,Northeast Florida,www.fl501st.com,https://www.501st.com/images/logos/125px/Squad-Seven.png,https://www.501st.com/images/logos/62px/Squad-Seven.png,0
Squad,- Tampa Bay Squad,110,9,West Central Florida,www.fl501st.com,https://www.501st.com/images/logos/125px/Tampa-Bay-Squad.png,https://www.501st.com/images/logos/62px/Tampa-Bay-Squad.png,0
Garrison,French Garrison,44,,France,501stfrenchgarrison.com,https://www.501st.com/images/logos/125px/French-Garrison.png,https://www.501st.com/images/logos/62px/French-Garrison.png,40
Outpost,Fringe Worlds,1,,Imperial Staging point for New Outpost Formation,,https://www.501st.com/images/logos/125px/Fringe-Worlds.png,https://www.501st.com/images/logos/62px/Fringe-Worlds.png,1
Garrison,Garrison 66: The Temple Raiders ,93,,"Southwest Missouri � Vernon, Barton, Jasper, Newton, Mcdonald, Cedar, Dade, Lawrence, Barry, Po",www.garrison66.com,https://www.501st.com/images/logos/125px/Garrison-66.png,https://www.501st.com/images/logos/62px/Garrison-66.png,10
Garrison,Garrison Argentina ,38,,Argentina,www.501stargentina.com.ar,https://www.501st.com/images/logos/125px/Garrison-Argentina.png,https://www.501st.com/images/logos/62px/Garrison-Argentina.png,10
Squad,- Dark Side Warriors Squad,244,38,Tucumán province,thedarksidewarriors.com/,https://www.501st.com/images/logos/125px/Tucuman-Squad.png,https://www.501st.com/images/logos/62px/Tucuman-Squad.png,0
Squad,- Rio de la Plata Squad,206,38,"Buenos Aires, Greater Buenos Aires and surrounding",,https://www.501st.com/images/logos/125px/Rio-de-la-Plata-Squad.png,https://www.501st.com/images/logos/62px/Rio-de-la-Plata-Squad.png,0
Squad,- Squad Rosario,186,38,Province of Santa Fe and Neighboring Provinces ,www.squadrosario.com.ar,https://www.501st.com/images/logos/125px/Squad-Rosario.png,https://www.501st.com/images/logos/62px/Squad-Rosario.png,0
Garrison,Garrison Carida,28,,Eastern Pennsylvania (US),www.501stGarrisonCarida.org,https://www.501st.com/images/logos/125px/Garrison-Carida.png,https://www.501st.com/images/logos/62px/Garrison-Carida.png,12
Garrison,Garrison Corellia,120,,West Virginia,garrisoncorellia.com/,https://www.501st.com/images/logos/125px/Garrison-Corellia.png,https://www.501st.com/images/logos/62px/Garrison-Corellia.png,10
Garrison,Garrison Peru,90,,Peru,www.legion501peru.com,https://www.501st.com/images/logos/125px/Garrison-Peru.png,https://www.501st.com/images/logos/62px/Garrison-Peru.png,14
Garrison,Garrison Titan,23,,Washington (state) (United States),www.garrisontitan.com,https://www.501st.com/images/logos/125px/Garrison-Titan.png,https://www.501st.com/images/logos/62px/Garrison-Titan.png,21
Squad,- Havoc Squad,167,23,Eastern Washington State,havocsquad.garrisontitan.com,https://www.501st.com/images/logos/125px/Havoc-Squad.png,https://www.501st.com/images/logos/62px/Havoc-Squad.png,0
Garrison,Garrison Tyranus,40,,Virginia (United States),www.garrisontyranus.com,https://www.501st.com/images/logos/125px/Garrison-Tyranus.png,https://www.501st.com/images/logos/62px/Garrison-Tyranus.png,18
Squad,- Galactic Center Squad,250,40,Central Virginia,,https://www.501st.com/images/logos/125px/Galactic-Center-Squad.png,https://www.501st.com/images/logos/62px/Galactic-Center-Squad.png,0
Squad,- Inferno Squad,246,40,Northern Virginia,,https://www.501st.com/images/logos/125px/Inferno-Squad.png,https://www.501st.com/images/logos/62px/Inferno-Squad.png,0
Squad,- Serenno Squad,243,40,Western region of Virginia,http://www.garrisontyranus.com/,https://www.501st.com/images/logos/125px/Serenno-Squad.png,https://www.501st.com/images/logos/62px/Serenno-Squad.png,0
Squad,- Sienar Fleet Squad,249,40,Eastern Virginia (and the cities and towns contain,,https://www.501st.com/images/logos/125px/Sienar-Fleet-Squad.png,https://www.501st.com/images/logos/62px/Sienar-Fleet-Squad.png,0
Garrison,Garuda Garrison Indonesia,131,,Indonesia,www.501st.id,https://www.501st.com/images/logos/125px/Garuda-Garrison.png,https://www.501st.com/images/logos/62px/Garuda-Garrison.png,16
Garrison,Georgia Garrison,10,,Georgia (United States),www.ga501st.com,https://www.501st.com/images/logos/125px/Georgia-Garrison.png,https://www.501st.com/images/logos/62px/Georgia-Garrison.png,15
Squad,- Coastal Empire Squad,216,10,Eastern and coastal Georgia,,https://www.501st.com/images/logos/125px/Coastal-Empire-Squad.png,https://www.501st.com/images/logos/62px/Coastal-Empire-Squad.png,0
Squad,- Nemesis Squad,263,10,South Atlanta,,https://www.501st.com/images/logos/125px/Nemesis-Squad.png,https://www.501st.com/images/logos/62px/Nemesis-Squad.png,0
Squad,- Ocmulgee Squad,162,10,Middle Georgia,www.ga501st.com ,https://www.501st.com/images/logos/125px/Ocmulgee-Squad.png,https://www.501st.com/images/logos/62px/Ocmulgee-Squad.png,0
Squad,- Outlanders Squad ,169,10,"thens-Clarke, Barrow, Hall, Jackson, Jefferson, Oc",,https://www.501st.com/images/logos/125px/Outlander-Squad.png,https://www.501st.com/images/logos/62px/Outlander-Squad.png,0
Squad,- Terminus Squad,222,10,"Fulton and DeKalb counties, Georgia State",,https://www.501st.com/images/logos/125px/Terminus-Squad.png,https://www.501st.com/images/logos/62px/Terminus-Squad.png,0
Squad,- Venator Squad,194,10,North west Georgia,https://ga501st.com/,https://www.501st.com/images/logos/125px/Venator-Squad.png,https://www.501st.com/images/logos/62px/Venator-Squad.png,0
Garrison,German Garrison,11,,Germany,www.501st.de,https://www.501st.com/images/logos/125px/German-Garrison.png,https://www.501st.com/images/logos/62px/German-Garrison.png,28
Squad,- Arma Candida,129,11,Southwestern Germany,www.armacandida.de,https://www.501st.com/images/logos/125px/SWS_Arma-Candida.png,https://www.501st.com/images/logos/62px/SWS_Arma-Candida.png,0
Squad,- Coastal Hammer Squad,127,11,Northern Germany,www.northern-squad.de,https://www.501st.com/images/logos/125px/Coastal-Hammer-Squad.png,https://www.501st.com/images/logos/62px/Coastal-Hammer-Squad.png,0
Squad,- Custodes Euroi Squad,134,11,"Bavaria, Baden Wurttemberg, and Thuringen",www.sesq.de,https://www.501st.com/images/logos/125px/SES-Custodes-Euroi.png,https://www.501st.com/images/logos/62px/SES-Custodes-Euroi.png,0
Squad,- Echo Nova Squad,159,11,"Berlin, Brandenburg, Sachsen, Sachsen-Anhalt, Thü",www.eastern-squad.de,https://www.501st.com/images/logos/125px/Echo-Nova-Squad.png,https://www.501st.com/images/logos/62px/Echo-Nova-Squad.png,0
Squad,- White Shadows Squad,128,11,Western Germany,www.western-squad.de,https://www.501st.com/images/logos/125px/White-Shadows-Squad.png,https://www.501st.com/images/logos/62px/White-Shadows-Squad.png,0
Garrison,Great Lakes Garrison,71,,Michigan,www.greatlakesgarrison.com,https://www.501st.com/images/logos/125px/Great-Lakes-Garrison.png,https://www.501st.com/images/logos/62px/Great-Lakes-Garrison.png,16
Squad,- Iron Range Squad,312,71,Michigan's most northern sector. From Sault Ste. M,https://greatlakesgarrison.com,https://www.501st.com/images/logos/125px/Iron-Range-Squad.png,https://www.501st.com/images/logos/62px/Iron-Range-Squad.png,0
Garrison,Hawkbat Garrison,161,,Iowa,www.hawkbatgarrison.com,https://www.501st.com/images/logos/125px/Hawkbat-Garrison.png,https://www.501st.com/images/logos/62px/Hawkbat-Garrison.png,15
Outpost,Hellenic Outpost,142,,Greece,501stgreece.eu,https://www.501st.com/images/logos/125px/Hellenic-Outpost.png,https://www.501st.com/images/logos/62px/Hellenic-Outpost.png,7
Garrison,Hong Kong Garrison,66,,Hong Kong,www.hk501st.com,https://www.501st.com/images/logos/125px/Hong-Kong-Garrison.png,https://www.501st.com/images/logos/62px/Hong-Kong-Garrison.png,15
Garrison,Hungarian Garrison,67,,Hungary,www.501eslegio.hu,https://www.501st.com/images/logos/125px/Hungarian-Garrison.png,https://www.501st.com/images/logos/62px/Hungarian-Garrison.png,15
Squad,- Chimaera Squad,211,67,Budapest and Pest county,,https://www.501st.com/images/logos/125px/Chimaera-Squad.png,https://www.501st.com/images/logos/62px/Chimaera-Squad.png,0
Squad,- Pannon Squad,311,67,Southwestern Region,https://www.501eslegio.hu/PannonSquad.html,https://www.501st.com/images/logos/125px/Pannon-Squad.png,https://www.501st.com/images/logos/62px/Pannon-Squad.png,0
Garrison,Icelandic Garrison,30,,Iceland,www.501st.is,https://www.501st.com/images/logos/125px/Icelandic-Garrison.png,https://www.501st.com/images/logos/62px/Icelandic-Garrison.png,9
Garrison,Imperial Scottish Garrison,151,,Scotland: (United Kingdom),www.501st.scot,https://www.501st.com/images/logos/125px/Imperial-Scottish-Garrison.png,https://www.501st.com/images/logos/62px/Imperial-Scottish-Garrison.png,10
Outpost,India Outpost,157,,India,,https://www.501st.com/images/logos/125px/India-Outpost.png,https://www.501st.com/images/logos/62px/India-Outpost.png,1
Garrison,Ireland Garrison,98,,The republic of Ireland ,www.501st.ie,https://www.501st.com/images/logos/125px/Ireland-Garrison.png,https://www.501st.com/images/logos/62px/Ireland-Garrison.png,15
Outpost,Israel Outpost,41,,Israel,www.facebook.com/israel501st/,https://www.501st.com/images/logos/125px/Israel-Outpost.png,https://www.501st.com/images/logos/62px/Israel-Outpost.png,9
Garrison,Italica Garrison,27,,Italy,www.501stitalica.com,https://www.501st.com/images/logos/125px/Italica-Garrison.png,https://www.501st.com/images/logos/62px/Italica-Garrison.png,20
Squad,- 3T Squad,150,27,"Emilia Romagna,Toscana,Marche,Umbria",,https://www.501st.com/images/logos/125px/3T-Squad.png,https://www.501st.com/images/logos/62px/3T-Squad.png,0
Squad,- 77th Alpi Squad,149,27,"Lombardia,Piemonte,Liguria,Valle d'Aosta",,https://www.501st.com/images/logos/125px/77th-Alpi-Squad.png,https://www.501st.com/images/logos/62px/77th-Alpi-Squad.png,0
Squad,- Sqvad Praetoriana,151,27,"Lazio,Abruzzo,Molise,Puglia,Campania,Basilicata,Sa",,https://www.501st.com/images/logos/125px/Sqvad-Praetoriana.png,https://www.501st.com/images/logos/62px/Sqvad-Praetoriana.png,0
Squad,- SubZero Squad,148,27,"Veneto,Trentino Alto-Adige,Friuli-Venezia-Giulia",,https://www.501st.com/images/logos/125px/SubZero-Squad.png,https://www.501st.com/images/logos/62px/SubZero-Squad.png,0
Squad,- Trinacria Squad ,198,27,"Sicilia, Calabria",,https://www.501st.com/images/logos/125px/Trinacria-Squad.png,https://www.501st.com/images/logos/62px/Trinacria-Squad.png,0
Outpost,Jaguar Outpost,103,,Guatemala,www.facebook.com/jaguaroutpost,https://www.501st.com/images/logos/125px/Jaguar-Outpost.png,https://www.501st.com/images/logos/62px/Jaguar-Outpost.png,3
Garrison,Japanese Garrison,12,,Japan,www.501st.jp,https://www.501st.com/images/logos/125px/Japanese-Garrison.png,https://www.501st.com/images/logos/62px/Japanese-Garrison.png,22
Squad,- Ryukyu Raider Squad,319,12,Okinawa/Ryukyu Islands,ites.google.com/view/ryukyu-raider-squad,https://www.501st.com/images/logos/125px/Ryukyu-Raider-Squad.png,https://www.501st.com/images/logos/62px/Ryukyu-Raider-Squad.png,0
Garrison,Knightfall Garrison,128,,Victoria Australia,WWW.501KFG.COM,https://www.501st.com/images/logos/125px/Knightfall-Garrison.png,https://www.501st.com/images/logos/62px/Knightfall-Garrison.png,16
Garrison,Korean Garrison,36,,Korea,501st.kr/,https://www.501st.com/images/logos/125px/Korean-Garrison.png,https://www.501st.com/images/logos/62px/Korean-Garrison.png,9
Garrison,Luxembourg Garrison,115,,Luxembourg,www.501stluxembourggarrison.lu/,https://www.501st.com/images/logos/125px/Luxembourg-Garrison.png,https://www.501st.com/images/logos/62px/Luxembourg-Garrison.png,7
Outpost,Macau Outpost ,91,,Macau S.A.R (Special Administrative Region),www.501stmacau.com/,https://www.501st.com/images/logos/125px/Macau-Outpost.png,https://www.501st.com/images/logos/62px/Macau-Outpost.png,4
Garrison,Malaysia Garrison,59,,Malaysia,www.501stlegion.my,https://www.501st.com/images/logos/125px/Malaysia-Garrison.png,https://www.501st.com/images/logos/62px/Malaysia-Garrison.png,5
Outpost,Malta Beach Outpost,150,,Malta,501stmaltaoutpost.com,https://www.501st.com/images/logos/125px/Malta-Beach-Outpost.png,https://www.501st.com/images/logos/62px/Malta-Beach-Outpost.png,1
Garrison,Mayan Garrison,136,,"Mexico: Tabasco, Chiapas, Oaxaca, Guerrero, Campeche, Yuca",www.mayangarrison.com/,https://www.501st.com/images/logos/125px/Mayan-Garrison.png,https://www.501st.com/images/logos/62px/Mayan-Garrison.png,12
Garrison,Mexican Garrison,47,,"Mexico: BC, BCS, CDMX, MEX, MOR, HGO, PUE, SON, SIN, TLX, VER",www.501st.com.mx,https://www.501st.com/images/logos/125px/Mexican-Garrison.png,https://www.501st.com/images/logos/62px/Mexican-Garrison.png,15
Squad,- Baja Squad,279,47,,,https://www.501st.com/images/logos/125px/Baja-Squad.png,https://www.501st.com/images/logos/62px/Baja-Squad.png,0
Squad,- Imperial City Squad,175,47,Capital city of Mexico & the State,,https://www.501st.com/images/logos/125px/Imperial-City-Squad.png,https://www.501st.com/images/logos/62px/Imperial-City-Squad.png,0
Squad,- Wampatrol Squad,308,47,"Metepec, Toluca, and Lerma",www.facebook.com/Wampatrol,https://www.501st.com/images/logos/125px/Wampatrol-Squad.png,https://www.501st.com/images/logos/62px/Wampatrol-Squad.png,0
Garrison,Midsouth Garrison,43,,Tennessee (United States),www.midsouthgarrison.com,https://www.501st.com/images/logos/125px/Midsouth-Garrison.png,https://www.501st.com/images/logos/62px/Midsouth-Garrison.png,13
Squad,- Knox Eisley Squad,268,43,Central Tennessee,,https://www.501st.com/images/logos/125px/Knox-Eisley-Squad.png,https://www.501st.com/images/logos/62px/Knox-Eisley-Squad.png,0
Squad,- Mos Nooga Squad,156,43,Chattanooga & Surrounding Counties,,https://www.501st.com/images/logos/125px/Mos-Nooga-Squad.png,https://www.501st.com/images/logos/62px/Mos-Nooga-Squad.png,0
Squad,- Music City Squad,229,43,"in and around Nashville, TN",,https://www.501st.com/images/logos/125px/Music-City-Squad.png,https://www.501st.com/images/logos/62px/Music-City-Squad.png,0
Squad,- Twin Sun Squad,251,43,All the Western Tennessee Counties,,https://www.501st.com/images/logos/125px/Twin-Sun-Squad.png,https://www.501st.com/images/logos/62px/Twin-Sun-Squad.png,0
Garrison,Midwest Garrison,13,,Illinois (United States),www.midwestgarrison.com,https://www.501st.com/images/logos/125px/Midwest-Garrison.png,https://www.501st.com/images/logos/62px/Midwest-Garrison.png,28
Squad,- 332nd Blurrg Squad,317,13,Central and southern Illinois,facebook.com/groups/2082716212097942/,https://www.501st.com/images/logos/125px/Blurrg-Squad.png,https://www.501st.com/images/logos/62px/Blurrg-Squad.png,0
Garrison,Minnesota WolfPack Garrison,159,,US State Of Minnesota,wolfpackgarrison.com/,https://www.501st.com/images/logos/125px/Minnesota-Garrison.png,https://www.501st.com/images/logos/62px/Minnesota-Garrison.png,16
Outpost,Monaco Outpost,33,,Monaco,,https://www.501st.com/images/logos/125px/Monaco-Outpost.png,https://www.501st.com/images/logos/62px/Monaco-Outpost.png,4
Garrison,Mountain Garrison,14,,Colorado and Wyoming (United States),www.mg501.com,https://www.501st.com/images/logos/125px/Mountain-Garrison.png,https://www.501st.com/images/logos/62px/Mountain-Garrison.png,20
Squad,- Mile High Squad,116,14,Central Colorado,www.mg501.com/squads/mhs/mhs.php,https://www.501st.com/images/logos/125px/Mile-High-Squad.png,https://www.501st.com/images/logos/62px/Mile-High-Squad.png,0
Squad,- Pikes Peak Squad,107,14,Southern CO,www.mg501.com/squads/pps/pps.php,https://www.501st.com/images/logos/125px/Pikes-Peak-Squad.png,https://www.501st.com/images/logos/62px/Pikes-Peak-Squad.png,0
Squad,- Snowy Range Squad,102,14,Northern CO and all of Wyoming,www.mg501.com/squads/srs/srs.php,https://www.501st.com/images/logos/125px/Snowy-Range-Squad.png,https://www.501st.com/images/logos/62px/Snowy-Range-Squad.png,0
Squad,- Western Reaches Squad,296,14,Western  Colorado,www.mg501.com/forum/topic/17948-western-slope-squad-proposed/,https://www.501st.com/images/logos/125px/Western-Reaches-Squad.png,https://www.501st.com/images/logos/62px/Western-Reaches-Squad.png,0
Garrison,Neon City Garrison,15,,Nevada (United States),www.theneoncitygarrison.com,https://www.501st.com/images/logos/125px/Neon-City-Garrison.png,https://www.501st.com/images/logos/62px/Neon-City-Garrison.png,12
Garrison,New England Garrison,16,,"Massachusetts, New Hampshire, Vermont, Maine, Rhode Island (United States)",www.501neg.com,https://www.501st.com/images/logos/125px/New-England-Garrison.png,https://www.501st.com/images/logos/62px/New-England-Garrison.png,34
Squad,- Down East Squad,278,16,State of Maine,www.501neg.com/about/,https://www.501st.com/images/logos/125px/Down-East-Squad.png,https://www.501st.com/images/logos/62px/Down-East-Squad.png,0
Squad,- Granite Squad,307,16,the state of New Hampshire,www.501neg.com/,https://www.501st.com/images/logos/125px/Granite-Squad.png,https://www.501st.com/images/logos/62px/Granite-Squad.png,0
Squad,- Green Mountain Squad,219,16,Vermont,,https://www.501st.com/images/logos/125px/Green-Mountain-Squad.png,https://www.501st.com/images/logos/62px/Green-Mountain-Squad.png,0
Squad,- Lil' Rhody Squad,270,16,Rhode Island,,https://www.501st.com/images/logos/125px/Lil-Rhody-Squad.png,https://www.501st.com/images/logos/62px/Lil-Rhody-Squad.png,0
Garrison,New York: Empire City Garrison,8,,"New York City, the 5 Boroughs, Long Island, the Lower and Mid-Hudson Regions",www.empirecitygarrison.com,https://www.501st.com/images/logos/125px/Empire-City-Garrison.png,https://www.501st.com/images/logos/62px/Empire-City-Garrison.png,23
Squad,- Hudson Valley Squad,190,8,"New York Counties of: Westchester,  Putnam,   Dutc",http://www.501ecg.com/index.html,https://www.501st.com/images/logos/125px/Hudson-Valley-Squad.png,https://www.501st.com/images/logos/62px/Hudson-Valley-Squad.png,0
Garrison,New York: Garrison Excelsior,63,,Upstate New York (United States),www.garrisonexcelsior.com,https://www.501st.com/images/logos/125px/Garrison-Excelsior.png,https://www.501st.com/images/logos/62px/Garrison-Excelsior.png,18
Squad,- Nickel City Squad,261,63,"Erie County, Niagara County",,https://www.501st.com/images/logos/125px/Nickel-City-Squad.png,https://www.501st.com/images/logos/62px/Nickel-City-Squad.png,0
Garrison,Northeast Remnant Garrison,50,,New Jersey (United States),www.501stNER.com,https://www.501st.com/images/logos/125px/Northeast-Remnant.png,https://www.501st.com/images/logos/62px/Northeast-Remnant.png,17
Garrison,Northern Darkness Garrison ,96,,Northern Indiana (United States),www.NorthernDarknessGarrison.com,https://www.501st.com/images/logos/125px/Northern-Darkness-Garrison.png,https://www.501st.com/images/logos/62px/Northern-Darkness-Garrison.png,17
Garrison,Norwegian Garrison,17,,Norway,www.norwegiangarrison.no,https://www.501st.com/images/logos/125px/Norwegian-Garrison.png,https://www.501st.com/images/logos/62px/Norwegian-Garrison.png,9
Garrison,Ohio Garrison,49,,Ohio (United States),www.ohio501st.com,https://www.501st.com/images/logos/125px/Ohio-Garrison.png,https://www.501st.com/images/logos/62px/Ohio-Garrison.png,17
Squad,- Arch City Squad,302,49,Central Ohio,ohio501st.com/,https://www.501st.com/images/logos/125px/Arch-City-Squad.png,https://www.501st.com/images/logos/62px/Arch-City-Squad.png,0
Squad,- Burning River Squad,283,49,"Cuyahoga, Lorain, Lake, Geauga, Medina, Summit, Po",www.ohio501st.com,https://www.501st.com/images/logos/125px/Burning-River-Squad.png,https://www.501st.com/images/logos/62px/Burning-River-Squad.png,0
Squad,- Gem City Squad,282,49,Dayton area,www.ohio501st.com/,https://www.501st.com/images/logos/125px/Gem-City-Squad.png,https://www.501st.com/images/logos/62px/Gem-City-Squad.png,0
Squad,- River Valley Squad,286,49,"Butler, Warren, Hamilton, Clermont, Brown, Adams, ",www.ohio501st.com/,https://www.501st.com/images/logos/125px/River-Valley-Squad.png,https://www.501st.com/images/logos/62px/River-Valley-Squad.png,0
Garrison,Oklahoma Garrison,127,,Oklahoma,www.ok501st.com/,https://www.501st.com/images/logos/125px/Oklahoma-Garrison.png,https://www.501st.com/images/logos/62px/Oklahoma-Garrison.png,21
Garrison,Old Line Garrison,51,,"Maryland; Washington, DC (United States)",www.oldlinegarrison.com,https://www.501st.com/images/logos/125px/Old-Line-Garrison.png,https://www.501st.com/images/logos/62px/Old-Line-Garrison.png,24
Garrison,Outpost 42 New Zealand Garrison,54,,New Zealand,501st.nz,https://www.501st.com/images/logos/125px/New-Zealand-Garrison.png,https://www.501st.com/images/logos/62px/New-Zealand-Garrison.png,13
Outpost,Outpost Paraguay,141,,Paraguay,,https://www.501st.com/images/logos/125px/Outpost-Paraguay.png,https://www.501st.com/images/logos/62px/Outpost-Paraguay.png,9
Outpost,Outpost Venezuela,76,,Venezuela,www.cincocerouno.com,https://www.501st.com/images/logos/125px/Outpost-Venezuela.png,https://www.501st.com/images/logos/62px/Outpost-Venezuela.png,8
Outpost,Pacific Outpost,25,,Hawaii (United States),www.pac501.net,https://www.501st.com/images/logos/125px/Pacific-Outpost.png,https://www.501st.com/images/logos/62px/Pacific-Outpost.png,20
Garrison,Pacific Thunder Garrison,165,,"Nariño, Valle del Cauca, Cauca, Chocó",pacificthundergarrison.com/,https://www.501st.com/images/logos/125px/imgur.com/a/vvGUNSE.png,https://www.501st.com/images/logos/62px/imgur.com/a/vvGUNSE.png,9
Outpost,Panama Outpost,152,,Panama,,https://www.501st.com/images/logos/125px/Panama-Outpost.png,https://www.501st.com/images/logos/62px/Panama-Outpost.png,8
Garrison,Philippine Garrison,53,,Northern Philippines,www.pinoy501st.com,https://www.501st.com/images/logos/125px/Philippine-Garrison.png,https://www.501st.com/images/logos/62px/Philippine-Garrison.png,16
Garrison,Polish Garrison,37,,Poland,www.polish-garrison.pl,https://www.501st.com/images/logos/125px/Polish-Garrison.png,https://www.501st.com/images/logos/62px/Polish-Garrison.png,13
Squad,- Greater Poland Squad,314,37,Reater Poland Voivodeship / Województwo Wielkopol,https://polish-garrison.pl/,https://www.501st.com/images/logos/125px/Greater-Poland-Squad.png,https://www.501st.com/images/logos/62px/Greater-Poland-Squad.png,0
Squad,- Polonia Minor Squad,204,37," Lesser Poland, Silesian",,https://www.501st.com/images/logos/125px/Polonia-Minor-Squad.png,https://www.501st.com/images/logos/62px/Polonia-Minor-Squad.png,0
Squad,- Pomeranian Squad,192,37,"Pomorskie, woj. Kujawsko-Pomorskie, woj. Zachodnio",,https://www.501st.com/images/logos/125px/Pomeranian-Squad.png,https://www.501st.com/images/logos/62px/Pomeranian-Squad.png,0
Garrison,Portuguese Garrison,70,,Portugal,www.legiao501.pt,https://www.501st.com/images/logos/125px/Portuguese-Garrison.png,https://www.501st.com/images/logos/62px/Portuguese-Garrison.png,13
Garrison,Puerto Rico Garrison,32,,Puerto Rico,www.facebook.com/501stlegionprgarrison,https://www.501st.com/images/logos/125px/Puerto-Rico-Garrison.png,https://www.501st.com/images/logos/62px/Puerto-Rico-Garrison.png,11
Garrison,Rancor Hunters Garrison,137,,"Mexico: Jalisco, Colima, Nayarit, Durango, Zacatecas, Aguascalientes, Chihuahua",https://www.rancorhunters.com/,https://www.501st.com/images/logos/125px/Rancor-Hunters-Garrison.png,https://www.501st.com/images/logos/62px/Rancor-Hunters-Garrison.png,18
Squad,- Centauros Squad,298,137,"Chihuahua, Mexico",www.centaurosquad.com,https://www.501st.com/images/logos/125px/Centauros-Squad.png,https://www.501st.com/images/logos/62px/Centauros-Squad.png,0
Squad,- Inquisitor's Squad,297,137,"Durango, Mexico",www.inquisitorsquad.com,https://www.501st.com/images/logos/125px/Inquisitors-Squad.png,https://www.501st.com/images/logos/62px/Inquisitors-Squad.png,0
Garrison,Rancor Raiders Garrison,73,,Mississippi (United States),www.ms501st.net,https://www.501st.com/images/logos/125px/Rancor-Raiders-Garrison.png,https://www.501st.com/images/logos/62px/Rancor-Raiders-Garrison.png,22
Squad,- Phantom Squad,267,73,The Hattiesburg area down to the MS gulf coast,,https://www.501st.com/images/logos/125px/Phantom-Squad.png,https://www.501st.com/images/logos/62px/Phantom-Squad.png,0
Garrison,Redback Garrison ,82,,"Queensland, Australia ",www.501st.com.au,https://www.501st.com/images/logos/125px/Redback-Garrison.png,https://www.501st.com/images/logos/62px/Redback-Garrison.png,14
Squad,- Longfin Squad,182,82,"Gold Coast, Beaudesertshire, Jimboomba",501st.com.au/,https://www.501st.com/images/logos/125px/Longfin-Squad.png,https://www.501st.com/images/logos/62px/Longfin-Squad.png,0
Squad,- Razorbacks Squad,220,82,"Sunshine Coast, Wide Bay/ Burnett Region",,https://www.501st.com/images/logos/125px/Razorbacks-Squad.png,https://www.501st.com/images/logos/62px/Razorbacks-Squad.png,0
Squad,- Venom Squad,260,82,"Northern Queensland, Australia",,https://www.501st.com/images/logos/125px/Venom-Squad.png,https://www.501st.com/images/logos/62px/Venom-Squad.png,0
Outpost,Romanian Outpost,46,,Romania,,https://www.501st.com/images/logos/125px/Romanian-Outpost.png,https://www.501st.com/images/logos/62px/Romanian-Outpost.png,8
Outpost,Russian Outpost,92,,Russian Federation ,501st.ru/,https://www.501st.com/images/logos/125px/Russian-Outpost.png,https://www.501st.com/images/logos/62px/Russian-Outpost.png,4
Outpost,Saudi Arabian Outpost,55,,Kingdom of Saudi Arabia,saudioutpost.godux.com,https://www.501st.com/images/logos/125px/Saudi-Arabian-Outpost.png,https://www.501st.com/images/logos/62px/Saudi-Arabian-Outpost.png,7
Garrison,Singapore Garrison,42,,Singapore,www.501st.sg,https://www.501st.com/images/logos/125px/Singapore-Garrison.png,https://www.501st.com/images/logos/62px/Singapore-Garrison.png,18
Garrison,Skull Garrison,99,,"Mexico: Michoacán, Coahuila, Nuevo Leon, Tamaulipas, San Luis, Guanajuato, Queretaro ",www.skullgarrison.com/,https://www.501st.com/images/logos/125px/Skull-Garrison.png,https://www.501st.com/images/logos/62px/Skull-Garrison.png,10
Squad,- Bantha Riders Squad,277,99,Querétaro-San Luis Potosí,,https://www.501st.com/images/logos/125px/Bantha-Riders-Squad.png,https://www.501st.com/images/logos/62px/Bantha-Riders-Squad.png,0
Squad,- Green Bellies Squad,306,99," León, Guanajuato, México.",facebook.com/profile.php?id=100087141462194,https://www.501st.com/images/logos/125px/Green-Bellies-Squad.png,https://www.501st.com/images/logos/62px/Green-Bellies-Squad.png,0
Outpost,Slovakia Outpost,89,,Slovak Republic ,www.501st.sk/,https://www.501st.com/images/logos/125px/Slovakia-Outpost.png,https://www.501st.com/images/logos/62px/Slovakia-Outpost.png,8
Outpost,South African Outpost,105,,South Africa,www.501st.co.za ,https://www.501st.com/images/logos/125px/South-African-Outpost.png,https://www.501st.com/images/logos/62px/South-African-Outpost.png,4
Garrison,Southern Cross Garrison,80,,"New South Wales, ACT (Australia)",501scg.org,https://www.501st.com/images/logos/125px/Southern-Cross-Garrison.png,https://www.501st.com/images/logos/62px/Southern-Cross-Garrison.png,18
Squad,- Black Tower Squad,253,80,State of ACT & Queanbeyan City,501scg.org,https://www.501st.com/images/logos/125px/Black-Tower-Squad.png,https://www.501st.com/images/logos/62px/Black-Tower-Squad.png,0
Squad,- Hunter Hornet Squad,224,80,"The Hunter Region, NSW",501scg.org,https://www.501st.com/images/logos/125px/Hunter-Hornet-Squad.png,https://www.501st.com/images/logos/62px/Hunter-Hornet-Squad.png,0
Garrison,Southern Dewback Garrison,100,,South Australia,www.501sdg.com ,https://www.501st.com/images/logos/125px/Southern-Dewback-Garrison.png,https://www.501st.com/images/logos/62px/Southern-Dewback-Garrison.png,17
Garrison,Spanish Garrison,52,,Spain,www.legion501.com,https://www.501st.com/images/logos/125px/Spanish-Garrison.png,https://www.501st.com/images/logos/62px/Spanish-Garrison.png,31
Squad,- Balear Squad,233,52,Balearic Islands,,https://www.501st.com/images/logos/125px/Balear-Squad.png,https://www.501st.com/images/logos/62px/Balear-Squad.png,0
Squad,- Canarias Squad,310,52,Canary Islands,,https://www.501st.com/images/logos/125px/Canarias-Squad.png,https://www.501st.com/images/logos/62px/Canarias-Squad.png,0
Squad,- Castilla y Leon Squad,299,52,"León, Palencia, Burgos, Valladolid, Zamora, Segov",www.legion501.com,https://www.501st.com/images/logos/125px/Castilla-y-Leon-Squad.png,https://www.501st.com/images/logos/62px/Castilla-y-Leon-Squad.png,0
Squad,- Catalunya Squad,323,52,"Girona, Tarragona, Lleida y Barcelona",www.legion501.com,https://www.501st.com/images/logos/125px/Catalunya-Squad.png,https://www.501st.com/images/logos/62px/Catalunya-Squad.png,0
Squad,- Escuadrón Sur,232,52,"Cádiz, Almeria, Córdoba, Granada, Huelva, Málag",,https://www.501st.com/images/logos/125px/Escuadron-Sur-Squad.png,https://www.501st.com/images/logos/62px/Escuadron-Sur-Squad.png,0
Squad,- Galicia Squad,273,52,Galicia,www.legion501.com/501web/,https://www.501st.com/images/logos/125px/Galicia-Squad.png,https://www.501st.com/images/logos/62px/Galicia-Squad.png,0
Squad,- Imperial Capital Squad,309,52,"Madrid, Guadalajara, Toledo, Ciudad Real and Cuenc",,https://www.501st.com/images/logos/125px/Imperial-Capital-Squad.png,https://www.501st.com/images/logos/62px/Imperial-Capital-Squad.png,0
Squad,- North Wall Squad,237,52,"Cantabria, Guipuzcoa, Vizcaya, Alava, Navarra",,https://www.501st.com/images/logos/125px/North-Wall-Squad.png,https://www.501st.com/images/logos/62px/North-Wall-Squad.png,0
Squad,- Squad Cierzo,223,52,"Aragon, Soria and Logroño",,https://www.501st.com/images/logos/125px/Squad-Cierzo.png,https://www.501st.com/images/logos/62px/Squad-Cierzo.png,0
Squad,- Tercio De Levante,300,52,"Murcia, Alicante, Valencia and Castellan",,https://www.501st.com/images/logos/125px/Tercio-de-Levante-Squad.png,https://www.501st.com/images/logos/62px/Tercio-de-Levante-Squad.png,0
Garrison,Star Garrison,21,,Texas,www.stargarrison.com,https://www.501st.com/images/logos/125px/Star-Garrison.png,https://www.501st.com/images/logos/62px/Star-Garrison.png,29
Squad,- Central Texas Squad,161,21,Waco (Mclennan County) to Brownsville and the Texa,www.stargarrison.com,https://www.501st.com/images/logos/125px/Central-Texas-Squad.png,https://www.501st.com/images/logos/62px/Central-Texas-Squad.png,0
Squad,- Desert Inferno Squad,287,21,Far West Texas,www.stargarrison.com,https://www.501st.com/images/logos/125px/Desert-Inferno-Squad.png,https://www.501st.com/images/logos/62px/Desert-Inferno-Squad.png,0
Squad,- Imperial Rough Rider Squad,257,21,South West Texas,,https://www.501st.com/images/logos/125px/Imperial-Rough-Rider.png,https://www.501st.com/images/logos/62px/Imperial-Rough-Rider.png,0
Squad,- North Texas Squad,117,21,Northern Texas,www.stargarrison.com,https://www.501st.com/images/logos/125px/North-TX-Squad.png,https://www.501st.com/images/logos/62px/North-TX-Squad.png,0
Squad,- South Texas Squad,106,21,Southern Texas,www.stargarrison.com,https://www.501st.com/images/logos/125px/South-Texas-Squad.png,https://www.501st.com/images/logos/62px/South-Texas-Squad.png,0
Squad,- Texas Gulf Coast Squad,255,21,Southern Gulf Coast Region of Texas,,https://www.501st.com/images/logos/125px/Texas-Gulf-Coast-Squad.png,https://www.501st.com/images/logos/62px/Texas-Gulf-Coast-Squad.png,0
Squad,- West Texas Squad,154,21,West Texas,www.stargarrison.com,https://www.501st.com/images/logos/125px/West-Texas-Squad.png,https://www.501st.com/images/logos/62px/West-Texas-Squad.png,0
Garrison,Starkiller Garrison,132,,Western Pennsylvania ,www.starkillergarrison.com,https://www.501st.com/images/logos/125px/Starkiller-Garrison.png,https://www.501st.com/images/logos/62px/Starkiller-Garrison.png,23
Garrison,Swedish Garrison,154,,Sweden,swedishgarrison.se,https://www.501st.com/images/logos/125px/Swedish-Garrison.png,https://www.501st.com/images/logos/62px/Swedish-Garrison.png,14
Squad,- North Ridge Squad,325,154,"Norrbotten, Västerbotten, Västernorrland, Jämtl",swedishgarrison.se/north-ridge-squad/,,,0
Squad,- Trinity Squad,284,154,"Stockholm, Västmanland and Uppland regions of Swe",https://swedishgarrison.se/trinity-squad/,https://www.501st.com/images/logos/125px/Trinity-Squad.png,https://www.501st.com/images/logos/62px/Trinity-Squad.png,0
Garrison,Swiss Garrison,22,,Switzerland,www.swiss-garrison.ch/,https://www.501st.com/images/logos/125px/Swiss-Garrison.png,https://www.501st.com/images/logos/62px/Swiss-Garrison.png,20
Garrison,Taiwan Garrison,64,,Taiwan ,www.501tw.com,https://www.501st.com/images/logos/125px/Taiwan-Garrison.png,https://www.501st.com/images/logos/62px/Taiwan-Garrison.png,14
Squad,- Takau Squad,285,64,,www.facebook.com/futuresourthernaiwan501stSqu,https://www.501st.com/images/logos/125px/Takau-Squad.png,https://www.501st.com/images/logos/62px/Takau-Squad.png,0
Garrison,Thailand Garrison,81,,Thailand,www.501thailand.com,https://www.501st.com/images/logos/125px/Thailand-Garrison.png,https://www.501st.com/images/logos/62px/Thailand-Garrison.png,12
Outpost,Thylacine Outpost,138,,State of Tasmania (Australia),thylacineoutpost.com/,https://www.501st.com/images/logos/125px/Thylacine-Outpost.png,https://www.501st.com/images/logos/62px/Thylacine-Outpost.png,11
Garrison,Timberline Garrison,83,,"Idaho and Montana, USA ",www.idaho501st.com,https://www.501st.com/images/logos/125px/Timberline-Garrison.png,https://www.501st.com/images/logos/62px/Timberline-Garrison.png,9
Squad,- Big Sky Squad,281,83,Montana,www.mt501st.com,https://www.501st.com/images/logos/125px/Big-Sky-Squad.png,https://www.501st.com/images/logos/62px/Big-Sky-Squad.png,0
Squad,- Sawtooth Mountain Squad,272,83,"Owyhee, Elmore, Ada, Canyon, Payette, Gem, Boise, ",www.idaho501st.com,https://www.501st.com/images/logos/125px/Sawtooth-Mountain-Squad.png,https://www.501st.com/images/logos/62px/Sawtooth-Mountain-Squad.png,0
Outpost,Turkish Outpost,74,,Turkey,www.lejyon501.com,https://www.501st.com/images/logos/125px/Turkish-Outpost.png,https://www.501st.com/images/logos/62px/Turkish-Outpost.png,5
Garrison,UK Garrison,24,,United Kingdom,www.ukgarrison.co.uk,https://www.501st.com/images/logos/125px/UK-Garrison.png,https://www.501st.com/images/logos/62px/UK-Garrison.png,22
Squad,- Imperial North Western Squad,320,24,"North West of England including Cumbria, Lancashir",,https://www.501st.com/images/logos/125px/Imperial-North-Western-Squad.png,https://www.501st.com/images/logos/62px/Imperial-North-Western-Squad.png,0
Squad,- Imperial Welsh Squad,214,24,Wales,,https://www.501st.com/images/logos/125px/Imperial-Welsh-Squad.png,https://www.501st.com/images/logos/62px/Imperial-Welsh-Squad.png,0
Squad,- Imperial West Midlands Squad,313,24,"Herefordshire, Shropshire, Staffordshire, Warwicks",www.ukgarrison.co.uk/,https://www.501st.com/images/logos/125px/Imperial-West-Midlands-Squad.png,https://www.501st.com/images/logos/62px/Imperial-West-Midlands-Squad.png,0
Squad,- South East Imperator Squad,321,24,"Hampshire & Isle of Wight, Berkshire, Oxfordshire,",www.ukgarrison.co.uk/forum/index.php?sid=10c68ac78806d6d5296d941cf5f1f445,https://www.501st.com/images/logos/125px/South-East-Imperator-Squad.png,https://www.501st.com/images/logos/62px/South-East-Imperator-Squad.png,0
Squad,- The Steelbacks-East of England Squad,322,24,"Essex, Suffolk, Norfolk ,Cambridgshire, Bedfordshi",www.ukgarrison.co.uk/,https://www.501st.com/images/logos/125px/Steelback-Squad.png,https://www.501st.com/images/logos/62px/Steelback-Squad.png,0
Outpost,Ukraine Outpost,123,,Ukraine,501stlegion.com.ua/,https://www.501st.com/images/logos/125px/Ukraine-Outpost.png,https://www.501st.com/images/logos/62px/Ukraine-Outpost.png,1
Garrison,United Arab Emirates Garrison,34,,United Arab Emirates,501stuae.com,https://www.501st.com/images/logos/125px/UAE-Garrison.png,https://www.501st.com/images/logos/62px/UAE-Garrison.png,9
Outpost,Uruguay Outpost,122,,Uruguay,www.501st.com.uy/,https://www.501st.com/images/logos/125px/Uruguay-Outpost.png,https://www.501st.com/images/logos/62px/Uruguay-Outpost.png,1
Outpost,Utila Outpost,160,,"BAY ISLANDS, HONDURAS",,https://www.501st.com/images/logos/125px/Utila-Outpost.png,https://www.501st.com/images/logos/62px/Utila-Outpost.png,4
Outpost,Vietnam Outpost,147,,Vietnam,www.501st.vn/,https://www.501st.com/images/logos/125px/Vietnam-Outpost.png,https://www.501st.com/images/logos/62px/Vietnam-Outpost.png,2
Garrison,Wisconsin Garrison,84,,"Wisconsin, (United States)",www.wigarrison.com ,https://www.501st.com/images/logos/125px/Wisconsin-Garrison.png,https://www.501st.com/images/logos/62px/Wisconsin-Garrison.png,18
Squad,- Black Ice Squad,184,84,"North East Wisconsin - Brown, Calumet, ",www.wigarrison.com,https://www.501st.com/images/logos/125px/Black-Ice-Squad.png,https://www.501st.com/images/logos/62px/Black-Ice-Squad.png,0
Squad,- Blood Moon Squad,227,84,"Fond Du Lac, Sheboygan, Washington, Ozaukee, Wauke",,https://www.501st.com/images/logos/125px/Blood-Moon-Squad.png,https://www.501st.com/images/logos/62px/Blood-Moon-Squad.png,0
Squad,- Devastator Squad,226,84,Adams Dane Dodge Columbia Green Lake Iowa Jefferso,www.facebook.com/devastatorsquad501st,https://www.501st.com/images/logos/125px/Devastator-Squad.png,https://www.501st.com/images/logos/62px/Devastator-Squad.png,0
Garrison,Zabrak Garrison,164,,"Territorios de Colombia: Tolima, Risaralda, Quindio y Antioquia",zabrakgarrison.com.co,https://www.501st.com/images/logos/125px/imgur.com/a/zabrak-garrison-logo-2bpczMP.png,https://www.501st.com/images/logos/62px/imgur.com/a/zabrak-garrison-logo-2bpczMP.png,6