ID,Name,Type,Area,Website URL,Logo URL,Logo URL (Small),Officer Count
1,Fringe Worlds,Outpost,Imperial Staging point for New Outpost Formation,,https://www.501st.com/images/logos/125px/Fringe-Worlds.png,https://www.501st.com/images/logos/62px/Fringe-Worlds.png,1
2,Alpine Garrison,Garrison,"Utah, (United States)",UT501st.com,https://www.501st.com/images/logos/125px/Alpine-Garrison.png,https://www.501st.com/images/logos/62px/Alpine-Garrison.png,18
4,Brazil: Brazilian Division Garrison,Garrison,South Region and the State of São Paulo,www.legiao501.com.br/,https://www.501st.com/images/logos/125px/Brazilian-Division.png,https://www.501st.com/images/logos/62px/Brazilian-Division.png,7
5,Canada: Canadian Garrison,Garrison,"Canada, Ontario (except the portion under Capital City Garrison)",www.501st.ca,https://www.501st.com/images/logos/125px/Canadian-Garrison.png,https://www.501st.com/images/logos/62px/Canadian-Garrison.png,18
6,Central Garrison,Garrison,North Dakota; South Dakota; Nebraska; (United States),www.centralgarrison.com/,https://www.501st.com/images/logos/125px/Central-Garrison.png,https://www.501st.com/images/logos/62px/Central-Garrison.png,10
7,Dune Sea Garrison,Garrison,Arizona (United States),www.duneseagarrison.com,https://www.501st.com/images/logos/125px/Dune-Sea-Garrison.png,https://www.501st.com/images/logos/62px/Dune-Sea-Garrison.png,22
8,New York: Empire City Garrison,Garrison,"New York City, the 5 Boroughs, Long Island, the Lower and Mid-Hudson Regions",www.empirecitygarrison.com,https://www.501st.com/images/logos/125px/Empire-City-Garrison.png,https://www.501st.com/images/logos/62px/Empire-City-Garrison.png,23
9,Florida Garrison,Garrison,Florida (United States),www.fl501st.com,https://www.501st.com/images/logos/125px/Florida-Garrison.png,https://www.501st.com/images/logos/62px/Florida-Garrison.png,19
10,Georgia Garrison,Garrison,Georgia (United States),www.ga501st.com,https://www.501st.com/images/logos/125px/Georgia-Garrison.png,https://www.501st.com/images/logos/62px/Georgia-Garrison.png,15
11,German Garrison,Garrison,Germany,www.501st.de,https://www.501st.com/images/logos/125px/German-Garrison.png,https://www.501st.com/images/logos/62px/German-Garrison.png,28
12,Japanese Garrison,Garrison,Japan,www.501st.jp,https://www.501st.com/images/logos/125px/Japanese-Garrison.png,https://www.501st.com/images/logos/62px/Japanese-Garrison.png,22
13,Midwest Garrison,Garrison,Illinois (United States),www.midwestgarrison.com,https://www.501st.com/images/logos/125px/Midwest-Garrison.png,https://www.501st.com/images/logos/62px/Midwest-Garrison.png,28
14,Mountain Garrison,Garrison,Colorado and Wyoming (United States),www.mg501.com,https://www.501st.com/images/logos/125px/Mountain-Garrison.png,https://www.501st.com/images/logos/62px/Mountain-Garrison.png,20
15,Neon City Garrison,Garrison,Nevada (United States),www.theneoncitygarrison.com,https://www.501st.com/images/logos/125px/Neon-City-Garrison.png,https://www.501st.com/images/logos/62px/Neon-City-Garrison.png,12
16,New England Garrison,Garrison,"Massachusetts, New Hampshire, Vermont, Maine, Rhode Island (United States)",www.501neg.com,https://www.501st.com/images/logos/125px/New-England-Garrison.png,https://www.501st.com/images/logos/62px/New-England-Garrison.png,34
17,Norwegian Garrison,Garrison,Norway,www.norwegiangarrison.no,https://www.501st.com/images/logos/125px/Norwegian-Garrison.png,https://www.501st.com/images/logos/62px/Norwegian-Garrison.png,9
18,California: Golden Gate Garrison,Garrison,Northern California (United States),501stGGG.com,https://www.501st.com/images/logos/125px/Golden-Gate-Garrison.png,https://www.501st.com/images/logos/62px/Golden-Gate-Garrison.png,30
19,California: Southern California Garrison,Garrison,Southern California (United States),southerncaliforniagarrison.com/,https://www.501st.com/images/logos/125px/Southern-California-Garrison.png,https://www.501st.com/images/logos/62px/Southern-California-Garrison.png,12
21,Star Garrison,Garrison,Texas,www.stargarrison.com,https://www.501st.com/images/logos/125px/Star-Garrison.png,https://www.501st.com/images/logos/62px/Star-Garrison.png,29
22,Swiss Garrison,Garrison,Switzerland,www.swiss-garrison.ch/,https://www.501st.com/images/logos/125px/Swiss-Garrison.png,https://www.501st.com/images/logos/62px/Swiss-Garrison.png,20
23,Garrison Titan,Garrison,Washington (state) (United States),www.garrisontitan.com,https://www.501st.com/images/logos/125px/Garrison-Titan.png,https://www.501st.com/images/logos/62px/Garrison-Titan.png,21
24,UK Garrison,Garrison,United Kingdom,www.ukgarrison.co.uk,https://www.501st.com/images/logos/125px/UK-Garrison.png,https://www.501st.com/images/logos/62px/UK-Garrison.png,22
25,Pacific Outpost,Outpost,Hawaii (United States),www.pac501.net,https://www.501st.com/images/logos/125px/Pacific-Outpost.png,https://www.501st.com/images/logos/62px/Pacific-Outpost.png,20
26,California: Central California Garrison,Garrison,Central California (United States),centralcaliforniagarrison.com/,https://www.501st.com/images/logos/125px/Central-Cali-Garrison.png,https://www.501st.com/images/logos/62px/Central-Cali-Garrison.png,21
27,Italica Garrison,Garrison,Italy,www.501stitalica.com,https://www.501st.com/images/logos/125px/Italica-Garrison.png,https://www.501st.com/images/logos/62px/Italica-Garrison.png,20
28,Garrison Carida,Garrison,Eastern Pennsylvania (US),www.501stGarrisonCarida.org,https://www.501st.com/images/logos/125px/Garrison-Carida.png,https://www.501st.com/images/logos/62px/Garrison-Carida.png,12
29,Belgium: Belgian Garrison,Garrison,North Belgium,www.501st.be,https://www.501st.com/images/logos/125px/Belgian-Garrison.png,https://www.501st.com/images/logos/62px/Belgian-Garrison.png,18
30,Icelandic Garrison,Garrison,Iceland,www.501st.is,https://www.501st.com/images/logos/125px/Icelandic-Garrison.png,https://www.501st.com/images/logos/62px/Icelandic-Garrison.png,9
31,Dutch Garrison,Garrison,Netherlands,501st.nl,https://www.501st.com/images/logos/125px/Dutch-Garrison.png,https://www.501st.com/images/logos/62px/Dutch-Garrison.png,21
32,Puerto Rico Garrison,Garrison,Puerto Rico,www.facebook.com/501stlegionprgarrison,https://www.501st.com/images/logos/125px/Puerto-Rico-Garrison.png,https://www.501st.com/images/logos/62px/Puerto-Rico-Garrison.png,11
33,Monaco Outpost,Outpost,Monaco,,https://www.501st.com/images/logos/125px/Monaco-Outpost.png,https://www.501st.com/images/logos/62px/Monaco-Outpost.png,4
34,United Arab Emirates Garrison,Garrison,United Arab Emirates,501stuae.com,https://www.501st.com/images/logos/125px/UAE-Garrison.png,https://www.501st.com/images/logos/62px/UAE-Garrison.png,9
35,Chilean Outpost,Outpost,Chile,www.501st.cl,https://www.501st.com/images/logos/125px/Chilean-Outpost.png,https://www.501st.com/images/logos/62px/Chilean-Outpost.png,10
36,Korean Garrison,Garrison,Korea,501st.kr/,https://www.501st.com/images/logos/125px/Korean-Garrison.png,https://www.501st.com/images/logos/62px/Korean-Garrison.png,9
37,Polish Garrison,Garrison,Poland,www.polish-garrison.pl,https://www.501st.com/images/logos/125px/Polish-Garrison.png,https://www.501st.com/images/logos/62px/Polish-Garrison.png,13
38,Garrison Argentina ,Garrison,Argentina,www.501stargentina.com.ar,https://www.501st.com/images/logos/125px/Garrison-Argentina.png,https://www.501st.com/images/logos/62px/Garrison-Argentina.png,10
39,Carolina Garrison,Garrison,North and South Carolina (United States),carolinagarrison.org,https://www.501st.com/images/logos/125px/Carolina-Garrison.png,https://www.501st.com/images/logos/62px/Carolina-Garrison.png,28
40,Garrison Tyranus,Garrison,Virginia (United States),www.garrisontyranus.com,https://www.501st.com/images/logos/125px/Garrison-Tyranus.png,https://www.501st.com/images/logos/62px/Garrison-Tyranus.png,18
41,Israel Outpost,Outpost,Israel,www.facebook.com/israel501st/,https://www.501st.com/images/logos/125px/Israel-Outpost.png,https://www.501st.com/images/logos/62px/Israel-Outpost.png,9
42,Singapore Garrison,Garrison,Singapore,www.501st.sg,https://www.501st.com/images/logos/125px/Singapore-Garrison.png,https://www.501st.com/images/logos/62px/Singapore-Garrison.png,18
43,Midsouth Garrison,Garrison,Tennessee (United States),www.midsouthgarrison.com,https://www.501st.com/images/logos/125px/Midsouth-Garrison.png,https://www.501st.com/images/logos/62px/Midsouth-Garrison.png,13
44,French Garrison,Garrison,France,501stfrenchgarrison.com,https://www.501st.com/images/logos/125px/French-Garrison.png,https://www.501st.com/images/logos/62px/French-Garrison.png,40
45,Croatian Outpost,Outpost,Croatia,www.facebook.com/501stCroatia,https://www.501st.com/images/logos/125px/Croatian-Outpost.png,https://www.501st.com/images/logos/62px/Croatian-Outpost.png,1
46,Romanian Outpost,Outpost,Romania,,https://www.501st.com/images/logos/125px/Romanian-Outpost.png,https://www.501st.com/images/logos/62px/Romanian-Outpost.png,8
47,Mexican Garrison,Garrison,"Mexico: BC, BCS, CDMX, MEX, MOR, HGO, PUE, SON, SIN, TLX, VER",www.501st.com.mx,https://www.501st.com/images/logos/125px/Mexican-Garrison.png,https://www.501st.com/images/logos/62px/Mexican-Garrison.png,15
48,Bloodfin Garrison,Garrison,Southern Indiana (United States),www.bloodfingarrison.com,https://www.501st.com/images/logos/125px/Bloodfin-Garrison.png,https://www.501st.com/images/logos/62px/Bloodfin-Garrison.png,21
49,Ohio Garrison,Garrison,Ohio (United States),www.ohio501st.com,https://www.501st.com/images/logos/125px/Ohio-Garrison.png,https://www.501st.com/images/logos/62px/Ohio-Garrison.png,17
50,Northeast Remnant Garrison,Garrison,New Jersey (United States),www.501stNER.com,https://www.501st.com/images/logos/125px/Northeast-Remnant.png,https://www.501st.com/images/logos/62px/Northeast-Remnant.png,17
51,Old Line Garrison,Garrison,"Maryland; Washington, DC (United States)",www.oldlinegarrison.com,https://www.501st.com/images/logos/125px/Old-Line-Garrison.png,https://www.501st.com/images/logos/62px/Old-Line-Garrison.png,24
52,Spanish Garrison,Garrison,Spain,www.legion501.com,https://www.501st.com/images/logos/125px/Spanish-Garrison.png,https://www.501st.com/images/logos/62px/Spanish-Garrison.png,31
53,Philippine Garrison,Garrison,Northern Philippines,www.pinoy501st.com,https://www.501st.com/images/logos/125px/Philippine-Garrison.png,https://www.501st.com/images/logos/62px/Philippine-Garrison.png,16
54,Outpost 42 New Zealand Garrison,Garrison,New Zealand,501st.nz,https://www.501st.com/images/logos/125px/New-Zealand-Garrison.png,https://www.501st.com/images/logos/62px/New-Zealand-Garrison.png,13
55,Saudi Arabian Outpost,Outpost,Kingdom of Saudi Arabia,saudioutpost.godux.com,https://www.501st.com/images/logos/125px/Saudi-Arabian-Outpost.png,https://www.501st.com/images/logos/62px/Saudi-Arabian-Outpost.png,7
56,Canada: Badlands Garrison,Garrison,"Alberta, Saskatchewan, Manitoba, Yukon and Northwest Territories",www.badlands.ca,https://www.501st.com/images/logos/125px/Badlands-Garrison.png,https://www.501st.com/images/logos/62px/Badlands-Garrison.png,25
57,70th Explorers Garrison,Garrison,Missouri and Kansas (United States),www.70thexplorers.com,https://www.501st.com/images/logos/125px/70th-Explorers.png,https://www.501st.com/images/logos/62px/70th-Explorers.png,23
58,Connecticut Garrison,Garrison,Connecticut (United States),www.ctg501.com,https://www.501st.com/images/logos/125px/Connecticut-Garrison.png,https://www.501st.com/images/logos/62px/Connecticut-Garrison.png,12
59,Malaysia Garrison,Garrison,Malaysia,www.501stlegion.my,https://www.501st.com/images/logos/125px/Malaysia-Garrison.png,https://www.501st.com/images/logos/62px/Malaysia-Garrison.png,5
60,Belgium: FanWars Garrison,Garrison,South Belgium,www.fanwars.be,https://www.501st.com/images/logos/125px/Fanswars-Garrison.png,https://www.501st.com/images/logos/62px/Fanswars-Garrison.png,12
61,Alaskan Garrison,Garrison,Alaska (United States),www.ak501st.com,https://www.501st.com/images/logos/125px/Alaskan-Garrison.png,https://www.501st.com/images/logos/62px/Alaskan-Garrison.png,9
62,Austrian Garrison,Garrison,Austria,501st-austria.com,https://www.501st.com/images/logos/125px/Austrian-Garrison.png,https://www.501st.com/images/logos/62px/Austrian-Garrison.png,15
63,New York: Garrison Excelsior,Garrison,Upstate New York (United States),www.garrisonexcelsior.com,https://www.501st.com/images/logos/125px/Garrison-Excelsior.png,https://www.501st.com/images/logos/62px/Garrison-Excelsior.png,18
64,Taiwan Garrison,Garrison,Taiwan ,www.501tw.com,https://www.501st.com/images/logos/125px/Taiwan-Garrison.png,https://www.501st.com/images/logos/62px/Taiwan-Garrison.png,14
65,Cloud City Garrison,Garrison,"Oregon; Vancouver, WA (USA)",cloudcitygarrison.com,https://www.501st.com/images/logos/125px/Cloud-City-Garrison.png,https://www.501st.com/images/logos/62px/Cloud-City-Garrison.png,22
66,Hong Kong Garrison,Garrison,Hong Kong,www.hk501st.com,https://www.501st.com/images/logos/125px/Hong-Kong-Garrison.png,https://www.501st.com/images/logos/62px/Hong-Kong-Garrison.png,15
67,Hungarian Garrison,Garrison,Hungary,www.501eslegio.hu,https://www.501st.com/images/logos/125px/Hungarian-Garrison.png,https://www.501st.com/images/logos/62px/Hungarian-Garrison.png,15
68,Costa Rica Garrison,Garrison,Costa Rica,www.501stcr.com,https://www.501st.com/images/logos/125px/Costa-Rica-Garrison.png,https://www.501st.com/images/logos/62px/Costa-Rica-Garrison.png,14
69,Alabama Garrison,Garrison,Alabama (United States),al501st.net,https://www.501st.com/images/logos/125px/Alabama-Garrison.png,https://www.501st.com/images/logos/62px/Alabama-Garrison.png,13
70,Portuguese Garrison,Garrison,Portugal,www.legiao501.pt,https://www.501st.com/images/logos/125px/Portuguese-Garrison.png,https://www.501st.com/images/logos/62px/Portuguese-Garrison.png,13
71,Great Lakes Garrison,Garrison,Michigan,www.greatlakesgarrison.com,https://www.501st.com/images/logos/125px/Great-Lakes-Garrison.png,https://www.501st.com/images/logos/62px/Great-Lakes-Garrison.png,16
72,Bolivian Outpost,Outpost,Bolivia,www.501stbolivia.com,https://www.501st.com/images/logos/125px/Bolivian-Outpost.png,https://www.501st.com/images/logos/62px/Bolivian-Outpost.png,7
73,Rancor Raiders Garrison,Garrison,Mississippi (United States),www.ms501st.net,https://www.501st.com/images/logos/125px/Rancor-Raiders-Garrison.png,https://www.501st.com/images/logos/62px/Rancor-Raiders-Garrison.png,22
74,Turkish Outpost,Outpost,Turkey,www.lejyon501.com,https://www.501st.com/images/logos/125px/Turkish-Outpost.png,https://www.501st.com/images/logos/62px/Turkish-Outpost.png,5
76,Outpost Venezuela,Outpost,Venezuela,www.cincocerouno.com,https://www.501st.com/images/logos/125px/Outpost-Venezuela.png,https://www.501st.com/images/logos/62px/Outpost-Venezuela.png,8
77,Czech Garrison,Garrison,Czech Republic,www.501st.cz,https://www.501st.com/images/logos/125px/Czech-Garrison.png,https://www.501st.com/images/logos/62px/Czech-Garrison.png,7
78,Bast Alpha Garrison,Garrison,Louisiana (United States),la501st.com,https://www.501st.com/images/logos/125px/Bast-Alpha-Garrison.png,https://www.501st.com/images/logos/62px/Bast-Alpha-Garrison.png,13
80,Southern Cross Garrison,Garrison,"New South Wales, ACT (Australia)",501scg.org,https://www.501st.com/images/logos/125px/Southern-Cross-Garrison.png,https://www.501st.com/images/logos/62px/Southern-Cross-Garrison.png,16
81,Thailand Garrison,Garrison,Thailand,www.501thailand.com,https://www.501st.com/images/logos/125px/Thailand-Garrison.png,https://www.501st.com/images/logos/62px/Thailand-Garrison.png,12
82,Redback Garrison ,Garrison,"Queensland, Australia ",www.501st.com.au,https://www.501st.com/images/logos/125px/Redback-Garrison.png,https://www.501st.com/images/logos/62px/Redback-Garrison.png,14
83,Timberline Garrison,Garrison,"Idaho and Montana, USA ",www.idaho501st.com,https://www.501st.com/images/logos/125px/Timberline-Garrison.png,https://www.501st.com/images/logos/62px/Timberline-Garrison.png,9
84,Wisconsin Garrison,Garrison,"Wisconsin, (United States)",www.wigarrison.com ,https://www.501st.com/images/logos/125px/Wisconsin-Garrison.png,https://www.501st.com/images/logos/62px/Wisconsin-Garrison.png,18
85,Canada: Capital City Garrison,Garrison,Eastern Ontario(Trenton to Petawawa to Quebec border),www.capitalcity501st.ca,https://www.501st.com/images/logos/125px/Capital-City-Garrison.png,https://www.501st.com/images/logos/62px/Capital-City-Garrison.png,13
86,Dewback Ridge Garrison,Garrison,State of New Mexico,dewbackridge.org,https://www.501st.com/images/logos/125px/Dewback-Ridge-Garrison.png,https://www.501st.com/images/logos/62px/Dewback-Ridge-Garrison.png,17
88,Ecuador Garrison,Garrison,Ecuador ,www.501st.ec,https://www.501st.com/images/logos/125px/Ecuador-Garrison.png,https://www.501st.com/images/logos/62px/Ecuador-Garrison.png,18
89,Slovakia Outpost,Outpost,Slovak Republic ,www.501st.sk/,https://www.501st.com/images/logos/125px/Slovakia-Outpost.png,https://www.501st.com/images/logos/62px/Slovakia-Outpost.png,8
90,Garrison Peru,Garrison,Peru,www.legion501peru.com,https://www.501st.com/images/logos/125px/Garrison-Peru.png,https://www.501st.com/images/logos/62px/Garrison-Peru.png,14
91,Macau Outpost ,Outpost,Macau S.A.R (Special Administrative Region),www.501stmacau.com/,https://www.501st.com/images/logos/125px/Macau-Outpost.png,https://www.501st.com/images/logos/62px/Macau-Outpost.png,4
92,Russian Outpost,Outpost,Russian Federation ,501st.ru/,https://www.501st.com/images/logos/125px/Russian-Outpost.png,https://www.501st.com/images/logos/62px/Russian-Outpost.png,4
93,Garrison 66: The Temple Raiders ,Garrison,"Southwest Missouri � Vernon, Barton, Jasper, Newton, Mcdonald, Cedar, Dade, Lawrence, Barry, Po",www.garrison66.com,https://www.501st.com/images/logos/125px/Garrison-66.png,https://www.501st.com/images/logos/62px/Garrison-66.png,10
96,Northern Darkness Garrison ,Garrison,Northern Indiana (United States),www.NorthernDarknessGarrison.com,https://www.501st.com/images/logos/125px/Northern-Darkness-Garrison.png,https://www.501st.com/images/logos/62px/Northern-Darkness-Garrison.png,17
97,Chinese Garrison,Garrison,China,www.cn501st.com/bbs,https://www.501st.com/images/logos/125px/Chinese-Garrison.png,https://www.501st.com/images/logos/62px/Chinese-Garrison.png,15
98,Ireland Garrison,Garrison,The republic of Ireland ,www.501st.ie,https://www.501st.com/images/logos/125px/Ireland-Garrison.png,https://www.501st.com/images/logos/62px/Ireland-Garrison.png,15
99,Skull Garrison,Garrison,"Mexico: Michoacán, Coahuila, Nuevo Leon, Tamaulipas, San Luis, Guanajuato, Queretaro ",www.skullgarrison.com/,https://www.501st.com/images/logos/125px/Skull-Garrison.png,https://www.501st.com/images/logos/62px/Skull-Garrison.png,10
100,Southern Dewback Garrison,Garrison,South Australia,www.501sdg.com ,https://www.501st.com/images/logos/125px/Southern-Dewback-Garrison.png,https://www.501st.com/images/logos/62px/Southern-Dewback-Garrison.png,17
101,Brunei Outpost,Outpost,Brunei Darussalam ,501stbrunei.wordpress.com/ ,https://www.501st.com/images/logos/125px/Brunei-Outpost.png,https://www.501st.com/images/logos/62px/Brunei-Outpost.png,3
103,Jaguar Outpost,Outpost,Guatemala,www.facebook.com/jaguaroutpost,https://www.501st.com/images/logos/125px/Jaguar-Outpost.png,https://www.501st.com/images/logos/62px/Jaguar-Outpost.png,3
104,Brazil: Novo Império Garrison,Garrison,"North, East, West, and Central Brazil",www.garrisonnovoimperiobrasil.com.br,https://www.501st.com/images/logos/125px/Novo-Imperio.png,https://www.501st.com/images/logos/62px/Novo-Imperio.png,7
105,South African Outpost,Outpost,South Africa,www.501st.co.za ,https://www.501st.com/images/logos/125px/South-African-Outpost.png,https://www.501st.com/images/logos/62px/South-African-Outpost.png,4
107,Canada: Outer Rim Garrison,Garrison,Canada: British Columbia,www.outerrimgarrison.com,https://www.501st.com/images/logos/125px/Outer-Rim-Garrison.png,https://www.501st.com/images/logos/62px/Outer-Rim-Garrison.png,26
111,California: Imperial Sands Garrison,Garrison,San Diego and Imperial Counties,www.imperialsandsgarrison.com/ ,https://www.501st.com/images/logos/125px/Imperial-Sands-Garrison.png,https://www.501st.com/images/logos/62px/Imperial-Sands-Garrison.png,15
114,Diamond Garrison,Garrison,Arkansas,www.ar501st.com,https://www.501st.com/images/logos/125px/Diamond-Garrison.png,https://www.501st.com/images/logos/62px/Diamond-Garrison.png,18
115,Luxembourg Garrison,Garrison,Luxembourg,www.501stluxembourggarrison.lu/,https://www.501st.com/images/logos/125px/Luxembourg-Garrison.png,https://www.501st.com/images/logos/62px/Luxembourg-Garrison.png,7
119,Colombia Garrison,Garrison,"Colombia, South America",501st.com.co,https://www.501st.com/images/logos/125px/Colombia-Garrison.png,https://www.501st.com/images/logos/62px/Colombia-Garrison.png,11
120,Garrison Corellia,Garrison,West Virginia,garrisoncorellia.com/,https://www.501st.com/images/logos/125px/Garrison-Corellia.png,https://www.501st.com/images/logos/62px/Garrison-Corellia.png,10
122,Uruguay Outpost,Outpost,Uruguay,www.501st.com.uy/,https://www.501st.com/images/logos/125px/Uruguay-Outpost.png,https://www.501st.com/images/logos/62px/Uruguay-Outpost.png,1
123,Ukraine Outpost,Outpost,Ukraine,501stlegion.com.ua/,https://www.501st.com/images/logos/125px/Ukraine-Outpost.png,https://www.501st.com/images/logos/62px/Ukraine-Outpost.png,1
124,Danish Garrison,Garrison,Denmark,www.danishgarrison.dk,https://www.501st.com/images/logos/125px/Danish-Garrison.png,https://www.501st.com/images/logos/62px/Danish-Garrison.png,15
125,Arctic Outpost,Outpost,Nunavut,www.arcticoutpost.ca/,https://www.501st.com/images/logos/125px/Arctic-Outpost.png,https://www.501st.com/images/logos/62px/Arctic-Outpost.png,1
126,Canada: Forteresse Imperiale Garrison,Garrison,"Province of Quebec, Canada",501stqc.ca,https://www.501st.com/images/logos/125px/Forteresse-Imperiale.png,https://www.501st.com/images/logos/62px/Forteresse-Imperiale.png,20
127,Oklahoma Garrison,Garrison,Oklahoma,www.ok501st.com/,https://www.501st.com/images/logos/125px/Oklahoma-Garrison.png,https://www.501st.com/images/logos/62px/Oklahoma-Garrison.png,21
128,Knightfall Garrison,Garrison,Victoria Australia,WWW.501KFG.COM,https://www.501st.com/images/logos/125px/Knightfall-Garrison.png,https://www.501st.com/images/logos/62px/Knightfall-Garrison.png,16
129,Desert Scorpion Garrison,Garrison,Western Australia,501stdsg.com/,https://www.501st.com/images/logos/125px/Desert-Scorpion-Garrison.png,https://www.501st.com/images/logos/62px/Desert-Scorpion-Garrison.png,11
131,Garuda Garrison Indonesia,Garrison,Indonesia,www.501st.id,https://www.501st.com/images/logos/125px/Garuda-Garrison.png,https://www.501st.com/images/logos/62px/Garuda-Garrison.png,16
132,Starkiller Garrison,Garrison,Western Pennsylvania ,www.starkillergarrison.com,https://www.501st.com/images/logos/125px/Starkiller-Garrison.png,https://www.501st.com/images/logos/62px/Starkiller-Garrison.png,18
134,Cyprus Outpost,Outpost,Republic of Cyprus,www.501cyprus.com/,https://www.501st.com/images/logos/125px/Cyprus-Outpost.png,https://www.501st.com/images/logos/62px/Cyprus-Outpost.png,1
135,First State Garrison,Garrison,State of Delaware USA,firststategarrison.com,https://www.501st.com/images/logos/125px/First-State-Garrison.png,https://www.501st.com/images/logos/62px/First-State-Garrison.png,8
136,Mayan Garrison,Garrison,"Mexico: Tabasco, Chiapas, Oaxaca, Guerrero, Campeche, Yuca",www.mayangarrison.com/,https://www.501st.com/images/logos/125px/Mayan-Garrison.png,https://www.501st.com/images/logos/62px/Mayan-Garrison.png,12
137,Rancor Hunters Garrison,Garrison,"Mexico: Jalisco, Colima, Nayarit, Durango, Zacatecas, Aguascalientes, Chihuahua",https://www.rancorhunters.com/,https://www.501st.com/images/logos/125px/Rancor-Hunters-Garrison.png,https://www.501st.com/images/logos/62px/Rancor-Hunters-Garrison.png,18
138,Thylacine Outpost,Outpost,State of Tasmania (Australia),thylacineoutpost.com/,https://www.501st.com/images/logos/125px/Thylacine-Outpost.png,https://www.501st.com/images/logos/62px/Thylacine-Outpost.png,11
139,Copperhead Outpost,Outpost,"North West, North East and South West Tasmania",www.501stcopperheadoutpost.com/,https://www.501st.com/images/logos/125px/Copperhead-Outpost.png,https://www.501st.com/images/logos/62px/Copperhead-Outpost.png,7
140,Bluegrass Garrison,Garrison,Kentucky (United States),www.bluegrassgarrison.com/,https://www.501st.com/images/logos/125px/Bluegrass-Garrison.png,https://www.501st.com/images/logos/62px/Bluegrass-Garrison.png,9
141,Outpost Paraguay,Outpost,Paraguay,,https://www.501st.com/images/logos/125px/Outpost-Paraguay.png,https://www.501st.com/images/logos/62px/Outpost-Paraguay.png,9
142,Hellenic Outpost,Outpost,Greece,501stgreece.eu,https://www.501st.com/images/logos/125px/Hellenic-Outpost.png,https://www.501st.com/images/logos/62px/Hellenic-Outpost.png,7
143,Canada: Atlantic Garrison,Garrison,"Nova Scotia, New Brunswick, Prince Edward Island, Newfoundland",www.atlanticgarrison.com/,https://www.501st.com/images/logos/125px/Atlantic-Garrison.png,https://www.501st.com/images/logos/62px/Atlantic-Garrison.png,6
145,Baltic Outpost,Outpost,"Latvia, Estonia, and Lithuania",www.facebook.com/groups/8199937448322,https://www.501st.com/images/logos/125px/Baltic-Outpost.png,https://www.501st.com/images/logos/62px/Baltic-Outpost.png,1
146,Brazil: Death Star Garrison,Garrison,"Campinas, Jundiaí, Bauru, São josé do rio preto, Araçatuba, Central, Sorocaba, Presidente prude",www.deathstar501st.com.br,https://www.501st.com/images/logos/125px/Death-Star-Garrison.png,https://www.501st.com/images/logos/62px/Death-Star-Garrison.png,20
147,Vietnam Outpost,Outpost,Vietnam,www.501st.vn/,https://www.501st.com/images/logos/125px/Vietnam-Outpost.png,https://www.501st.com/images/logos/62px/Vietnam-Outpost.png,2
148,Causeway Garrison,Garrison,Northern Ireland,www.501stni.com,https://www.501st.com/images/logos/125px/Causeway-Garrison.png,https://www.501st.com/images/logos/62px/Causeway-Garrison.png,13
149,Cebu Scarif Garrison,Garrison,Central and Southern Philippines,cebuscarifgarrison.com,https://www.501st.com/images/logos/125px/Cebu-Scarif-Garrison.png,https://www.501st.com/images/logos/62px/Cebu-Scarif-Garrison.png,11
150,Malta Beach Outpost,Outpost,Malta,501stmaltaoutpost.com,https://www.501st.com/images/logos/125px/Malta-Beach-Outpost.png,https://www.501st.com/images/logos/62px/Malta-Beach-Outpost.png,1
151,Imperial Scottish Garrison,Garrison,Scotland: (United Kingdom),www.501st.scot,https://www.501st.com/images/logos/125px/Imperial-Scottish-Garrison.png,https://www.501st.com/images/logos/62px/Imperial-Scottish-Garrison.png,10
152,Panama Outpost,Outpost,Panama,,https://www.501st.com/images/logos/125px/Panama-Outpost.png,https://www.501st.com/images/logos/62px/Panama-Outpost.png,8
153,Brazil: Imperial Coastline Garrison,Garrison,States of the Rio de Janeiro and Espirito Santo,www.icg501st.com.br,https://www.501st.com/images/logos/125px/Imperial-Coastline-Garrison.png,https://www.501st.com/images/logos/62px/Imperial-Coastline-Garrison.png,15
154,Swedish Garrison,Garrison,Sweden,swedishgarrison.se,https://www.501st.com/images/logos/125px/Swedish-Garrison.png,https://www.501st.com/images/logos/62px/Swedish-Garrison.png,14
155,Finnish Garrison,Garrison,Finland,501st.fi,https://www.501st.com/images/logos/125px/Finnish-Garrison.png,https://www.501st.com/images/logos/62px/Finnish-Garrison.png,9
156,Bravo Garrison,Garrison,"Tamaulipas, Nuevo Leon y Coahuila (Mexico)",bravogarrison.com/,https://www.501st.com/images/logos/125px/Bravo-Garrison.png,https://www.501st.com/images/logos/62px/Bravo-Garrison.png,17
157,India Outpost,Outpost,India,,https://www.501st.com/images/logos/125px/India-Outpost.png,https://www.501st.com/images/logos/62px/India-Outpost.png,1
158,El Salvador Outpost,Outpost,El Salvador,,https://www.501st.com/images/logos/125px/El-Salvador-Outpost.png,https://www.501st.com/images/logos/62px/El-Salvador-Outpost.png,1
159,Minnesota WolfPack Garrison,Garrison,US State Of Minnesota,wolfpackgarrison.com/,https://www.501st.com/images/logos/125px/Minnesota-Garrison.png,https://www.501st.com/images/logos/62px/Minnesota-Garrison.png,16
160,Utila Outpost,Outpost,"BAY ISLANDS, HONDURAS",,https://www.501st.com/images/logos/125px/Utila-Outpost.png,https://www.501st.com/images/logos/62px/Utila-Outpost.png,4
161,Hawkbat Garrison,Garrison,Iowa,www.hawkbatgarrison.com,https://www.501st.com/images/logos/125px/Hawkbat-Garrison.png,https://www.501st.com/images/logos/62px/Hawkbat-Garrison.png,15
162,Crimson Garrison,Garrison,"Veracruz, Puebla and Tlaxcala",crimsongarrison.com.mx/,https://www.501st.com/images/logos/125px/Crimson-Garrison.png,https://www.501st.com/images/logos/62px/Crimson-Garrison.png,11
163,Battle Born Outpost,Outpost,"US State of Nevada County lines. Washo, Story, Churchhill, Lyon, Carson City, and Douglas ",,https://www.501st.com/images/logos/125px/Battle-Born-Outpost.png,https://www.501st.com/images/logos/62px/Battle-Born-Outpost.png,3
164,Zabrak Garrison,Garrison,"Territorios de Colombia: Tolima, Risaralda, Quindio y Antioquia",zabrakgarrison.com.co,https://www.501st.com/images/logos/125px/imgur.com/a/zabrak-garrison-logo-2bpczMP.png,https://www.501st.com/images/logos/62px/imgur.com/a/zabrak-garrison-logo-2bpczMP.png,6
165,Pacific Thunder Garrison,Garrison,"Nariño, Valle del Cauca, Cauca, Chocó",pacificthundergarrison.com/,https://www.501st.com/images/logos/125px/imgur.com/a/vvGUNSE.png,https://www.501st.com/images/logos/62px/imgur.com/a/vvGUNSE.png,9